run_id,seed,demand_factor,encounter_id,agent_1_id,agent_1_mode,agent_2_id,agent_2_mode,start_time_s,end_time_s,duration_s,start_x,start_y,end_x,end_y,minimum_distance_m
26,21092031,3,1,7393,pedestrian,7395,car,32.8,34,1.2,-11.084185,-2.569124,-10.973845,-2.490036,4.517
26,21092031,3,2,7390,pedestrian,7395,car,33.4,34.8,1.4,-10.972512,-2.483931,-10.840101,-2.389028,4.223
26,21092031,3,3,7389,pedestrian,7395,car,36,38.4,2.4,-10.491692,-2.118558,-10.231652,-1.9303,3.024
26,21092031,3,4,7382,pedestrian,7395,car,39,41.8,2.8,-9.938906,-1.698361,-9.643349,-1.485577,1.714
26,21092031,3,5,7387,pedestrian,7388,car,75.2,76.6,1.4,-6.374677,0.5523,-6.459388,0.498906,1.129
26,21092031,3,6,7392,pedestrian,7409,bike,95,97.8,2.8,-5.072127,8.684314,-5.358856,8.459631,2.637
26,21092031,3,7,7383,pedestrian,7409,bike,95.8,98.4,2.6,-5.203118,8.579839,-5.454057,8.38981,2.629
26,21092031,3,8,7381,pedestrian,7409,bike,107.8,110.6,2.8,-6.93987,6.864769,-7.236508,6.659208,2.614
26,21092031,3,9,7424,pedestrian,7432,bike,114,117.6,3.6,-10.715248,-2.406353,-10.400256,-2.146519,0.16
26,21092031,3,14,7438,pedestrian,7440,car,124.2,125.2,1,-11.254764,-2.470599,-11.200033,-2.405746,3.076
26,21092031,3,13,7439,pedestrian,7440,car,124.2,125.4,1.2,-11.239531,-2.520572,-11.168223,-2.448999,1.175
26,21092031,3,10,7420,pedestrian,7432,bike,122.4,125.6,3.2,-9.519542,-1.420026,-9.25297,-1.200133,0.01
26,21092031,3,15,7381,pedestrian,7430,bike,124.4,126,1.6,-8.011073,6.121415,-7.933265,6.175296,2.625
26,21092031,3,11,7412,pedestrian,7432,bike,123.2,126.8,3.6,-9.404014,-1.324728,-9.081711,-1.066895,0.042
26,21092031,3,12,7411,pedestrian,7432,bike,124,127.8,3.8,-9.286027,-1.227401,-8.92234,-0.9732,0.111
26,21092031,3,16,7410,pedestrian,7432,bike,124.8,128,3.2,-9.164888,-1.127475,-8.880821,-0.955519,0.05
26,21092031,3,17,7402,pedestrian,7432,bike,125.6,128.8,3.2,-9.047523,-1.044923,-8.739971,-0.899749,0.232
26,21092031,3,18,7424,pedestrian,7440,car,131.2,134.6,3.4,-10.02373,-1.762758,-9.711106,-1.537233,1.895
26,21092031,3,20,7383,pedestrian,7430,bike,133.2,135,1.8,-6.659733,7.173455,-6.630094,7.289041,2.576
26,21092031,3,21,7392,pedestrian,7430,bike,133.8,135.4,1.6,-6.627055,7.275802,-6.602727,7.375985,2.448
26,21092031,3,24,7382,pedestrian,7395,car,138,139,1,-5.354024,1.332746,-5.408462,1.297921,3.705
26,21092031,3,25,7395,car,7401,pedestrian,138.4,139.6,1.2,-5.428299,1.275834,-5.494734,1.233658,3.522
26,21092031,3,26,7382,pedestrian,7418,car,138.4,139.6,1.2,-5.326713,1.35295,-5.391801,1.311461,3.755
26,21092031,3,28,7401,pedestrian,7418,car,138.8,140.2,1.4,-5.406982,1.292146,-5.473177,1.250134,3.596
26,21092031,3,29,7382,pedestrian,7415,car,138.8,140.2,1.4,-5.312612,1.364042,-5.365314,1.33178,3.839
26,21092031,3,33,7411,pedestrian,7440,car,139.8,140.2,0.4,-8.73503,-0.840809,-8.725464,-0.820309,4.732
26,21092031,3,22,7408,pedestrian,7429,bike,137.4,140.4,3,-5.523206,8.333903,-5.840051,8.119071,2.126
26,21092031,3,23,7420,pedestrian,7440,car,137.8,140.6,2.8,-9.026421,-1.026773,-8.815927,-0.822501,1.359
26,21092031,3,31,7401,pedestrian,7415,car,139.4,140.6,1.2,-5.38952,1.306238,-5.437892,1.276081,3.647
26,21092031,3,27,7412,pedestrian,7440,car,138.6,140.8,2.2,-8.892972,-0.952313,-8.756471,-0.781495,2.767
26,21092031,3,30,7382,pedestrian,7422,car,139.4,140.8,1.4,-5.283345,1.386278,-5.337377,1.353099,3.901
26,21092031,3,32,7408,pedestrian,7430,bike,139.8,141.2,1.4,-5.80264,8.146463,-5.733334,8.188639,1.996
26,21092031,3,34,7401,pedestrian,7422,car,139.8,141.2,1.4,-5.357141,1.329498,-5.420729,1.289768,3.754
26,21092031,3,35,7404,pedestrian,7432,bike,140.2,141.4,1.2,-8.78874,0.578521,-8.827286,0.633455,4.201
26,21092031,3,36,7390,pedestrian,7395,car,144.8,146.4,1.6,-6.579747,0.396231,-6.679627,0.331364,0.663
26,21092031,3,37,7395,car,7398,pedestrian,145.2,147,1.8,-6.654972,0.338508,-6.767733,0.265538,0.334
26,21092031,3,38,7390,pedestrian,7418,car,145.4,147,1.6,-6.559901,0.411675,-6.667146,0.341724,0.731
26,21092031,3,40,7390,pedestrian,7415,car,145.8,147.4,1.6,-6.529214,0.434018,-6.639463,0.361994,0.698
26,21092031,3,41,7398,pedestrian,7418,car,145.8,147.4,1.6,-6.633942,0.354643,-6.748588,0.279916,0.582
26,21092031,3,43,7398,pedestrian,7415,car,146.4,147.8,1.4,-6.623365,0.363563,-6.722106,0.299357,0.441
26,21092031,3,42,7390,pedestrian,7422,car,146.4,148,1.6,-6.516333,0.444655,-6.624607,0.373993,0.747
26,21092031,3,44,7398,pedestrian,7422,car,147,148.4,1.4,-6.596802,0.3841,-6.707299,0.311198,0.697
26,21092031,3,39,7416,pedestrian,7430,bike,145.6,148.6,3,-4.794886,8.786858,-4.734526,8.847168,0.002
26,21092031,3,19,7416,pedestrian,7437,bike,132.4,149.2,16.8,-3.95955,8.432387,-4.89432,8.817499,1.558
26,21092031,3,45,7392,pedestrian,7429,bike,148.2,150.6,2.4,-7.016824,6.811548,-7.242914,6.654763,2.618
26,21092031,3,46,7383,pedestrian,7429,bike,148.8,151.4,2.6,-7.119861,6.740052,-7.37451,6.563404,2.614
26,21092031,3,47,7397,pedestrian,7432,bike,151.2,154.2,3,-9.954216,2.283022,-10.164083,2.588096,3.527
26,21092031,3,48,7441,pedestrian,7452,bike,155.6,156.4,0.8,-10.175098,4.148786,-10.110219,4.186104,4.876
26,21092031,3,49,7453,pedestrian,7454,car,156.2,156.8,0.6,-11.225594,-2.582966,-11.188225,-2.572797,2.344
26,21092031,3,51,7431,car,7452,bike,157.2,157.6,0.4,-9.842126,4.289634,-9.836867,4.279872,4.921
26,21092031,3,52,7431,car,7441,pedestrian,157.8,158.6,0.8,-9.936997,4.140175,-9.957831,4.10885,4.479
26,21092031,3,50,7408,pedestrian,7437,bike,156.8,158.8,2,-6.5292,7.55139,-6.622975,7.296084,2.445
26,21092031,3,53,7381,pedestrian,7452,bike,159.4,161,1.6,-9.592142,4.618615,-9.58103,4.696786,3.265
26,21092031,3,54,7390,pedestrian,7426,car,159.8,161.4,1.6,-5.973501,0.858219,-6.077481,0.790572,2.125
26,21092031,3,55,7398,pedestrian,7426,car,160.2,161.8,1.6,-6.052723,0.79733,-6.151418,0.734119,1.935
26,21092031,3,57,7397,pedestrian,7431,car,163.2,165,1.8,-10.529627,3.150752,-10.665705,3.065958,2.09
26,21092031,3,56,7397,pedestrian,7440,car,162.8,165.2,2.4,-10.64931,2.955967,-10.588716,3.186851,1.843
26,21092031,3,58,7392,pedestrian,7437,bike,164,166.2,2.2,-7.658753,6.365892,-7.895398,6.201734,2.587
26,21092031,3,60,7390,pedestrian,7427,car,164.8,166.4,1.6,-5.773072,1.011063,-5.866414,0.950754,2.596
26,21092031,3,61,7429,bike,7441,pedestrian,165,166.6,1.6,-9.608688,4.625497,-9.664285,4.573236,3.779
26,21092031,3,59,7383,pedestrian,7437,bike,164.8,166.8,2,-7.803405,6.265474,-8.019746,6.115385,2.601
26,21092031,3,64,7400,car,7436,pedestrian,165.6,166.8,1.2,-8.824635,-0.833667,-8.833701,-0.906689,2.378
26,21092031,3,62,7398,pedestrian,7427,car,165.4,167,1.6,-5.86149,0.944577,-5.952608,0.886135,2.39
26,21092031,3,63,7390,pedestrian,7428,car,165.4,167,1.6,-5.754903,1.025346,-5.845091,0.967213,2.668
26,21092031,3,65,7398,pedestrian,7428,car,165.8,167.4,1.6,-5.824915,0.971432,-5.912878,0.915166,2.449
26,21092031,3,66,7381,pedestrian,7429,bike,166.6,169.6,3,-9.810034,4.394301,-10.138168,4.216724,1.764
26,21092031,3,67,7381,pedestrian,7432,bike,167.8,169.6,1.8,-10.064655,4.273992,-9.959192,4.286128,2.148
26,21092031,3,68,7381,pedestrian,7440,car,170,170.8,0.8,-9.992874,4.062244,-9.972791,4.092273,4.534
26,21092031,3,70,7432,bike,7435,car,171,172.2,1.2,-9.532458,4.536561,-9.545715,4.541916,0.597
26,21092031,3,69,7383,pedestrian,7452,bike,170.6,172.4,1.8,-8.190443,5.996859,-8.105135,6.05595,2.583
26,21092031,3,71,7392,pedestrian,7452,bike,171.2,172.8,1.6,-8.107735,6.054283,-8.03518,6.104534,2.627
26,21092031,3,74,7432,bike,7444,car,172.6,173.2,0.6,-9.397329,4.71273,-9.430454,4.716842,3.555
26,21092031,3,73,7437,bike,7441,pedestrian,172.6,174,1.4,-9.327766,5.135693,-9.422423,5.078227,0.93
26,21092031,3,78,7437,bike,7440,car,174.6,175.4,0.8,-9.43299,4.716262,-9.405196,4.6802,3.379
26,21092031,3,77,7400,car,7453,pedestrian,174.6,175.8,1.2,-10.31981,-1.995899,-10.379682,-2.033803,3.002
26,21092031,3,79,7390,pedestrian,7433,car,174.8,176,1.2,-5.398455,1.298646,-5.4743,1.249242,3.587
26,21092031,3,72,7430,bike,7443,pedestrian,172.4,176.4,4,-3.041161,8.376402,-3.006004,8.346288,0.395
26,21092031,3,80,7398,pedestrian,7433,car,175.2,176.4,1.2,-5.475847,1.239387,-5.549467,1.19185,3.4
26,21092031,3,75,7432,bike,7441,pedestrian,173.8,177,3.2,-9.427866,5.055283,-9.174799,5.313268,2.685
26,21092031,3,82,7408,pedestrian,7452,bike,175.6,177.2,1.6,-7.446248,6.513589,-7.380376,6.559174,2.652
26,21092031,3,76,7430,bike,7445,pedestrian,174.4,177.4,3,-2.920144,8.409607,-2.888852,8.373295,1.707
26,21092031,3,81,7430,bike,7450,pedestrian,175.6,177.4,1.8,-2.852802,8.419564,-2.830342,8.400981,2.501
26,21092031,3,83,7400,car,7458,pedestrian,177,178,1,-10.712806,-2.292516,-10.763637,-2.325258,3.843
26,21092031,3,84,7400,car,7459,pedestrian,177.4,178.4,1,-10.788288,-2.350186,-10.834964,-2.379501,4.006
26,21092031,3,85,7400,car,7461,pedestrian,178.8,179.6,0.8,-11.007468,-2.514908,-11.045268,-2.539198,4.498
26,21092031,3,86,7400,car,7465,pedestrian,179.6,179.8,0.2,-11.22231,-2.508631,-11.22231,-2.508631,1.852
26,21092031,3,87,7383,pedestrian,7432,bike,179.8,181.4,1.6,-8.572761,5.73138,-8.495358,5.784998,2.576
26,21092031,3,88,7392,pedestrian,7432,bike,180.2,182,1.8,-8.502456,5.780206,-8.412917,5.842233,2.567
26,21092031,3,89,7411,pedestrian,7433,car,182,183.6,1.6,-6.747975,0.268445,-6.826824,0.192831,0.152
26,21092031,3,90,7420,pedestrian,7433,car,182.4,184,1.6,-6.829477,0.235288,-6.880745,0.1162,0.334
26,21092031,3,91,7408,pedestrian,7432,bike,184,185.6,1.6,-7.91564,6.18768,-7.847019,6.235191,2.593
26,21092031,3,92,7416,pedestrian,7452,bike,184.6,186.2,1.6,-6.427578,7.666954,-6.368069,7.731272,2.322
26,21092031,3,93,7435,car,7467,pedestrian,187.2,189.2,2,-11.35186,2.65685,-11.473114,2.674836,1.216
26,21092031,3,94,7416,pedestrian,7448,bike,187.4,189.6,2.2,-6.417453,7.681705,-6.57035,7.468843,2.541
26,21092031,3,95,7444,car,7467,pedestrian,187.8,190,2.2,-11.3354,2.672459,-11.450861,2.696746,0.813
26,21092031,3,96,7429,bike,7436,pedestrian,192.4,193.4,1,-8.893477,0.730256,-8.865687,0.691028,4.134
26,21092031,3,97,7416,pedestrian,7432,bike,193.6,195.2,1.6,-6.628534,7.270317,-6.6097,7.359544,2.5
26,21092031,3,98,7429,bike,7451,pedestrian,195.2,196.2,1,-8.569875,0.257108,-8.53876,0.212945,4.302
26,21092031,3,99,7441,pedestrian,7448,bike,197.8,199.2,1.4,-7.891714,6.204161,-7.958949,6.157607,2.615
26,21092031,3,101,7411,pedestrian,7446,car,202,203.4,1.4,-5.676136,1.085277,-5.755444,1.03521,2.857
26,21092031,3,102,7420,pedestrian,7446,car,202.4,203.8,1.4,-5.751023,1.027918,-5.827489,0.980236,2.678
26,21092031,3,100,7443,pedestrian,7452,bike,200.8,205,4.2,-4.414542,8.671389,-4.399411,8.663072,0.137
26,21092031,3,103,7408,pedestrian,7448,bike,203,205.8,2.8,-8.807634,5.56816,-9.104609,5.36091,2.57
26,21092031,3,104,7445,pedestrian,7452,bike,203.4,207.6,4.2,-4.277923,8.596302,-4.258856,8.585822,0.175
26,21092031,3,108,7429,bike,7458,pedestrian,207,208.6,1.6,-9.203595,-1.159404,-9.281847,-1.223954,0.453
26,21092031,3,105,7450,pedestrian,7452,bike,204.6,208.8,4.2,-4.216201,8.562378,-4.19898,8.552914,0.088
26,21092031,3,106,7392,pedestrian,7448,bike,206,209,3,-9.31572,5.143439,-9.489833,4.836961,0.607
26,21092031,3,110,7429,bike,7459,pedestrian,207.4,209,1.6,-9.273167,-1.216793,-9.352019,-1.281838,0.184
26,21092031,3,107,7383,pedestrian,7448,bike,206.8,209.6,2.8,-9.431979,5.024356,-9.545389,4.709343,1.754
26,21092031,3,111,7429,bike,7461,pedestrian,208.4,210.2,1.8,-9.446179,-1.35951,-9.534747,-1.432568,0.363
26,21092031,3,112,7383,pedestrian,7477,bike,208.6,210.2,1.6,-9.526853,4.759045,-9.513499,4.865105,2.151
26,21092031,3,113,7392,pedestrian,7477,bike,209,210.8,1.8,-9.49134,4.840372,-9.475711,4.962175,1.507
26,21092031,3,109,7432,bike,7443,pedestrian,207,211,4,-4.697945,8.794432,-4.665279,8.809179,0.123
26,21092031,3,115,7429,bike,7465,pedestrian,209.8,211.6,1.8,-9.667812,-1.542333,-9.750618,-1.610638,0.123
26,21092031,3,117,7408,pedestrian,7477,bike,210.8,212.2,1.4,-9.373758,5.183632,-9.307201,5.228608,2.718
26,21092031,3,114,7432,bike,7445,pedestrian,209.4,213.6,4.2,-4.538861,8.739716,-4.516991,8.727696,0.115
26,21092031,3,118,7429,bike,7468,pedestrian,212,213.8,1.8,-10.016103,-1.829635,-10.098903,-1.897936,0.003
26,21092031,3,119,7383,pedestrian,7480,bike,213,214.6,1.6,-9.70006,4.551154,-9.607964,4.623304,3.534
26,21092031,3,116,7432,bike,7450,pedestrian,210.6,214.8,4.2,-4.475832,8.705074,-4.455808,8.694069,0.094
26,21092031,3,120,7429,bike,7469,pedestrian,213.6,215.2,1.6,-10.25892,-2.029932,-10.336394,-2.09384,0.517
26,21092031,3,121,7392,pedestrian,7480,bike,213.8,215.2,1.4,-9.586167,4.623705,-9.567532,4.732251,3.147
26,21092031,3,122,7429,bike,7473,pedestrian,214.4,216.2,1.8,-10.391486,-2.139285,-10.478038,-2.210681,0.29
26,21092031,3,123,7408,pedestrian,7480,bike,215.2,216.8,1.6,-9.44912,4.937483,-9.410011,5.046297,0.766
26,21092031,3,126,7420,pedestrian,7455,car,218.8,219.2,0.4,-4.942432,1.649004,-4.954161,1.641792,4.843
26,21092031,3,125,7382,pedestrian,7440,car,217.8,219.6,1.8,-2.854272,5.136956,-2.714813,5.05528,3.423
26,21092031,3,129,7420,pedestrian,7457,car,219.4,219.6,0.2,-4.914598,1.670845,-4.914598,1.670845,4.891
26,21092031,3,124,7401,pedestrian,7440,car,217.6,219.8,2.2,-2.890211,5.133142,-2.715609,5.031678,2.404
26,21092031,3,127,7429,bike,7484,pedestrian,218.8,220.2,1.4,-11.119775,-2.677227,-11.209689,-2.788035,0.971
26,21092031,3,128,7429,bike,7485,pedestrian,219,220.2,1.2,-11.145459,-2.635668,-11.221135,-2.723812,3.501
26,21092031,3,130,7416,pedestrian,7477,bike,220.6,222.2,1.6,-7.743604,6.307127,-7.659421,6.365432,2.602
26,21092031,3,132,7416,pedestrian,7480,bike,223.6,225,1.4,-7.889269,6.205992,-7.796288,6.270417,2.602
26,21092031,3,131,7450,pedestrian,7470,bike,223.2,227.4,4.2,-4.81033,8.853816,-5.168354,8.606973,2.615
26,21092031,3,133,7445,pedestrian,7470,bike,225,227.8,2.8,-4.982944,8.754336,-5.227659,8.559327,2.607
26,21092031,3,135,7443,pedestrian,7470,bike,227.4,230.4,3,-5.343043,8.467361,-5.621274,8.272078,2.427
26,21092031,3,136,7452,bike,7474,pedestrian,228,230.8,2.8,-2.885181,8.416995,-2.872259,8.380486,1.991
26,21092031,3,138,7441,pedestrian,7470,bike,232.2,233.8,1.6,-6.083559,7.942555,-6.146926,7.891931,2.015
26,21092031,3,134,7474,pedestrian,7489,bike,227,234.6,7.6,-2.779346,8.423244,-3.092684,8.341759,1.982
26,21092031,3,137,7441,pedestrian,7477,bike,231.4,234.8,3.4,-6.275893,7.798215,-5.919812,8.059754,2.003
26,21092031,3,141,7443,pedestrian,7477,bike,234.4,236,1.6,-5.79324,8.153356,-5.704522,8.208368,2.065
26,21092031,3,140,7441,pedestrian,7480,bike,234.2,236.6,2.4,-6.103086,7.924061,-5.819268,8.1291,1.88
26,21092031,3,143,7443,pedestrian,7480,bike,235.6,237,1.4,-5.836805,8.121657,-5.740154,8.183541,1.973
26,21092031,3,142,7456,pedestrian,7476,car,235.2,237.4,2.2,-2.894696,5.114282,-2.786317,4.885014,1.249
26,21092031,3,144,7445,pedestrian,7477,bike,235.8,237.4,1.6,-5.558375,8.315238,-5.469489,8.372799,2.385
26,21092031,3,145,7450,pedestrian,7477,bike,236.2,238,1.8,-5.505245,8.352047,-5.384459,8.434072,2.448
26,21092031,3,147,7445,pedestrian,7480,bike,236.8,238.2,1.4,-5.5931,8.291074,-5.495492,8.353975,2.328
26,21092031,3,148,7450,pedestrian,7480,bike,237,238.6,1.6,-5.54474,8.324733,-5.411918,8.414332,2.433
26,21092031,3,149,7460,pedestrian,7462,car,238.8,240.4,1.6,-6.840483,0.233581,-6.88692,0.115215,0.709
26,21092031,3,139,7432,bike,7474,pedestrian,234.2,240.8,6.6,-3.108216,8.340388,-2.788923,8.257484,3.704
26,21092031,3,146,7432,bike,7483,pedestrian,236.4,240.8,4.4,-2.984162,8.394783,-2.888068,8.346468,0.751
26,21092031,3,150,7450,pedestrian,7478,bike,238.8,241.4,2.6,-5.423784,8.405691,-5.678506,8.232756,2.317
26,21092031,3,152,7441,pedestrian,7478,bike,239.8,241.4,1.6,-5.601604,8.278716,-5.681971,8.230223,2.26
26,21092031,3,151,7445,pedestrian,7478,bike,239.6,242.2,2.6,-5.558123,8.309044,-5.816389,8.136655,2.139
26,21092031,3,156,7483,pedestrian,7497,car,242.6,243.2,0.6,-2.793316,8.212441,-2.825906,8.184139,4.767
26,21092031,3,153,7474,pedestrian,7497,car,241.4,243.4,2,-2.639031,8.164846,-2.789227,8.048776,0.934
26,21092031,3,155,7474,pedestrian,7501,car,242.4,244,1.6,-2.619594,8.142918,-2.771948,8.037558,1.896
26,21092031,3,157,7483,pedestrian,7501,car,242.8,244,1.2,-2.716844,8.236531,-2.823272,8.153724,3.576
26,21092031,3,154,7443,pedestrian,7478,bike,241.8,244.6,2.8,-5.947292,8.04136,-6.21967,7.838938,1.983
26,21092031,3,158,7451,pedestrian,7471,car,243,244.8,1.8,-10.51787,3.080507,-10.659927,2.975789,0.696
26,21092031,3,160,7440,car,7460,pedestrian,253.6,255.4,1.8,-6.131433,0.73824,-6.218035,0.683973,1.71
26,21092031,3,159,7416,pedestrian,7470,bike,253.2,256.2,3,-9.058553,5.393514,-9.344389,5.202356,2.642
26,21092031,3,161,7475,car,7483,pedestrian,258.4,259,0.6,-2.465103,7.393754,-2.433491,7.417331,4.888
26,21092031,3,164,7440,car,7459,pedestrian,259.2,260.2,1,-6.996999,0.180446,-6.998971,0.109661,4.606
26,21092031,3,162,7440,car,7458,pedestrian,258.6,260.4,1.8,-6.915028,0.216277,-6.936935,0.092191,2.446
26,21092031,3,163,7441,pedestrian,7489,bike,258.6,262.2,3.6,-4.47463,8.704414,-4.440414,8.685609,0.096
26,21092031,3,165,7460,pedestrian,7476,car,263.6,265,1.4,-5.673703,1.088216,-5.753279,1.037428,2.9
26,21092031,3,167,7390,pedestrian,7492,car,265,266.8,1.8,-2.907941,5.038446,-2.766297,4.93631,1.521
26,21092031,3,168,7398,pedestrian,7492,car,265.2,266.8,1.6,-2.897341,5.010413,-2.770914,4.926416,2.176
26,21092031,3,166,7416,pedestrian,7478,bike,264.2,267,2.8,-9.418132,5.041262,-9.536855,4.728983,1.556
26,21092031,3,170,7454,car,7460,pedestrian,266.8,268,1.2,-5.523147,1.203025,-5.587593,1.161989,3.282
26,21092031,3,172,7460,pedestrian,7479,car,267.2,268.6,1.4,-5.501273,1.219482,-5.571148,1.175386,3.328
26,21092031,3,174,7458,pedestrian,7476,car,268,269.6,1.6,-6.449662,0.495554,-6.541452,0.437129,1.034
26,21092031,3,176,7459,pedestrian,7476,car,268.4,270,1.6,-6.520594,0.441334,-6.612981,0.382409,0.802
26,21092031,3,169,7477,bike,7494,pedestrian,266.4,270.2,3.8,-3.092193,8.360022,-3.068451,8.343643,0.1
26,21092031,3,177,7461,pedestrian,7476,car,269.2,270.8,1.6,-6.658969,0.335824,-6.750009,0.278029,0.627
26,21092031,3,171,7480,bike,7494,pedestrian,267.2,271.2,4,-3.127109,8.3479,-3.116607,8.340276,0.289
26,21092031,3,178,7416,pedestrian,7514,bike,269.4,271.4,2,-9.627141,4.601361,-9.590114,4.669543,3.428
26,21092031,3,179,7482,car,7484,pedestrian,270.2,271.6,1.4,-9.07433,-1.050547,-9.179676,-1.124112,0.227
26,21092031,3,180,7482,car,7485,pedestrian,270.6,272,1.4,-9.157935,-1.117787,-9.262653,-1.186754,0.423
26,21092031,3,173,7477,bike,7496,pedestrian,267.4,272.2,4.8,-3.028302,8.380481,-2.888525,8.3465,0.363
26,21092031,3,181,7482,car,7490,pedestrian,271,272.4,1.4,-9.239897,-1.179593,-9.346555,-1.250159,0.61
26,21092031,3,183,7454,car,7458,pedestrian,271.2,272.8,1.6,-6.288555,0.618004,-6.377742,0.561397,1.319
26,21092031,3,184,7458,pedestrian,7479,car,271.6,273.4,1.8,-6.262577,0.637337,-6.361488,0.574729,1.336
26,21092031,3,185,7454,car,7459,pedestrian,271.6,273.4,1.8,-6.35994,0.563307,-6.463832,0.496947,1.083
26,21092031,3,186,7459,pedestrian,7479,car,272,273.8,1.8,-6.346244,0.573461,-6.432126,0.520445,1.245
26,21092031,3,187,7482,car,7491,pedestrian,272.4,273.8,1.4,-9.546713,-1.412366,-9.651636,-1.481502,1.297
26,21092031,3,188,7454,car,7461,pedestrian,272.4,274.2,1.8,-6.493918,0.461272,-6.594979,0.397281,0.778
26,21092031,3,189,7482,car,7493,pedestrian,272.8,274.2,1.4,-9.630685,-1.475829,-9.735424,-1.544813,1.477
26,21092031,3,190,7461,pedestrian,7479,car,273,274.6,1.6,-6.473563,0.477483,-6.56176,0.42165,0.892
26,21092031,3,182,7441,pedestrian,7512,bike,271,274.8,3.8,-3.624015,8.312436,-3.579865,8.306137,0.078
26,21092031,3,175,7480,bike,7496,pedestrian,268.4,275.4,7,-3.08299,8.361702,-2.806588,8.301451,0
26,21092031,3,192,7480,bike,7506,pedestrian,274.6,275.4,0.8,-2.803175,8.427424,-2.795394,8.417926,3.527
26,21092031,3,191,7451,pedestrian,7486,car,274.2,275.6,1.4,-11.435567,2.618979,-11.579079,2.544165,3.958
26,21092031,3,193,7482,car,7505,pedestrian,274.8,276,1.2,-10.039718,-1.784213,-10.126673,-1.84143,2.391
26,21092031,3,194,7482,car,7508,pedestrian,275.4,276.6,1.2,-10.163691,-1.877771,-10.251049,-1.935319,2.638
26,21092031,3,195,7411,pedestrian,7497,car,275.4,277.2,1.8,-2.898452,5.016891,-2.765766,4.943989,1.659
26,21092031,3,196,7420,pedestrian,7497,car,275.8,277.2,1.4,-2.889131,4.946701,-2.78743,4.897499,3.52
26,21092031,3,197,7411,pedestrian,7501,car,275.8,277.8,2,-2.896633,5.033509,-2.751627,4.956156,1.177
26,21092031,3,198,7420,pedestrian,7501,car,276.2,277.8,1.6,-2.879423,4.956833,-2.775425,4.914853,3.006
26,21092031,3,199,7482,car,7507,pedestrian,277.2,278.2,1,-10.543752,-2.165159,-10.618985,-2.215608,3.49
26,21092031,3,200,7482,car,7513,pedestrian,277.6,278.6,1,-10.629038,-2.229705,-10.70427,-2.280154,3.681
26,21092031,3,201,7482,car,7516,pedestrian,278,279,1,-10.707641,-2.288739,-10.78502,-2.34096,3.869
26,21092031,3,208,7381,pedestrian,7482,car,279.6,280.4,0.8,-11.179488,-2.433832,-11.23984,-2.498912,1.861
26,21092031,3,209,7481,pedestrian,7482,car,280,280.4,0.4,-11.238846,-2.414481,-11.258964,-2.436174,4.391
26,21092031,3,210,7482,car,7521,pedestrian,280,280.4,0.4,-11.114777,-2.595559,-11.131208,-2.606211,4.73
26,21092031,3,204,7416,pedestrian,7522,bike,279.2,281,1.8,-10.047681,4.284675,-9.941715,4.302285,1.88
26,21092031,3,205,7420,pedestrian,7495,car,279.4,281.6,2.2,-2.69311,5.02062,-2.744326,5.23183,0.341
26,21092031,3,207,7411,pedestrian,7495,car,279.4,281.6,2.2,-2.661089,5.044864,-2.71945,5.250146,1.181
26,21092031,3,206,7441,pedestrian,7524,bike,279.4,283,3.6,-3.003936,8.346557,-2.974313,8.396601,0.729
26,21092031,3,211,7441,pedestrian,7526,bike,281.6,284.2,2.6,-2.889705,8.371024,-2.883159,8.414984,1.863
26,21092031,3,214,7420,pedestrian,7511,car,284.4,285,0.6,-2.604993,5.142132,-2.623362,5.192655,4.586
26,21092031,3,217,7456,pedestrian,7492,car,287.2,287.4,0.2,-4.885364,1.693629,-4.885364,1.693629,4.979
26,21092031,3,219,7416,pedestrian,7523,car,287.8,288.2,0.4,-10.162447,3.839409,-10.152685,3.853599,4.889
26,21092031,3,216,7443,pedestrian,7514,bike,286.8,288.8,2,-7.688335,6.345508,-7.611327,6.398819,2.596
26,21092031,3,215,7450,pedestrian,7489,bike,286.6,289.8,3.2,-7.0793,6.768214,-7.317001,6.603324,2.612
26,21092031,3,222,7458,pedestrian,7492,car,289.8,290.8,1,-5.416072,1.285555,-5.474135,1.248326,3.549
26,21092031,3,218,7445,pedestrian,7489,bike,287.2,291,3.8,-7.161137,6.711383,-7.466887,6.499267,2.603
26,21092031,3,220,7445,pedestrian,7514,bike,289,291,2,-7.396503,6.548136,-7.317833,6.602597,2.605
26,21092031,3,223,7459,pedestrian,7492,car,290.2,291.2,1,-5.494218,1.225714,-5.54953,1.190794,3.344
26,21092031,3,221,7450,pedestrian,7514,bike,289.6,291.6,2,-7.322311,6.599643,-7.241561,6.65555,2.619
26,21092031,3,224,7461,pedestrian,7492,car,290.8,292,1.2,-5.607715,1.139075,-5.679758,1.092989,3.058
26,21092031,3,225,7443,pedestrian,7489,bike,291.8,295.6,3.8,-7.75211,6.301081,-8.061163,6.086633,2.582
26,21092031,3,203,7506,pedestrian,7524,bike,278,296.4,18.4,-2.868062,8.381265,-3.863876,8.39143,2.209
26,21092031,3,226,7443,pedestrian,7522,bike,295.2,296.8,1.6,-8.038559,6.102315,-7.96558,6.152865,2.607
26,21092031,3,227,7445,pedestrian,7522,bike,297.2,299,1.8,-7.729033,6.317256,-7.644147,6.376045,2.603
26,21092031,3,229,7531,car,7532,pedestrian,298.4,299.4,1,-11.239531,-2.520572,-11.173863,-2.446748,1.175
26,21092031,3,228,7450,pedestrian,7522,bike,297.8,299.6,1.8,-7.644726,6.375793,-7.561741,6.433252,2.594
26,21092031,3,213,7494,pedestrian,7512,bike,281.6,299.8,18.2,-3.907503,8.410159,-4.788787,8.784996,2.978
26,21092031,3,230,7458,pedestrian,7497,car,300.6,301,0.4,-4.92289,1.663907,-4.935084,1.656202,4.888
26,21092031,3,232,7458,pedestrian,7501,car,301.2,301.4,0.2,-4.908951,1.675641,-4.908951,1.675641,4.918
26,21092031,3,231,7459,pedestrian,7497,car,301,301.6,0.6,-4.992499,1.610537,-5.021608,1.591163,4.684
26,21092031,3,233,7459,pedestrian,7501,car,301.4,302,0.6,-4.975643,1.622872,-4.998641,1.608624,4.704
26,21092031,3,234,7461,pedestrian,7497,car,301.4,302.4,1,-5.085055,1.537905,-5.133401,1.507443,4.397
26,21092031,3,235,7461,pedestrian,7501,car,302,302.8,0.8,-5.079891,1.543634,-5.111569,1.523948,4.452
26,21092031,3,236,7483,pedestrian,7519,car,303,305,2,-2.845909,5.139129,-2.756845,4.963946,1.691
26,21092031,3,237,7474,pedestrian,7519,car,303,305,2,-2.864219,5.125267,-2.769059,4.947305,0.674
26,21092031,3,238,7521,pedestrian,7531,car,304.2,306.6,2.4,-10.056476,-1.788399,-9.816866,-1.617074,2.07
26,21092031,3,239,7516,pedestrian,7531,car,304.8,307.4,2.6,-9.938204,-1.698017,-9.680212,-1.513923,1.806
26,21092031,3,240,7513,pedestrian,7531,car,305.4,308,2.6,-9.83192,-1.617525,-9.572235,-1.432033,1.513
26,21092031,3,241,7507,pedestrian,7531,car,306.2,308.6,2.4,-9.697803,-1.516466,-9.461795,-1.348112,1.285
26,21092031,3,242,7456,pedestrian,7497,car,306.8,310.2,3.4,-5.99981,0.838365,-6.364842,0.572406,1.701
26,21092031,3,243,7456,pedestrian,7501,car,307.8,311,3.2,-6.061258,0.791564,-6.404709,0.541369,1.55
26,21092031,3,244,7494,pedestrian,7514,bike,309.2,311.2,2,-5.16038,8.613377,-5.090128,8.670176,2.637
26,21092031,3,245,7456,pedestrian,7501,car,311.2,311.4,0.2,-6.437975,0.516647,-6.437975,0.516647,4.815
26,21092031,3,246,7506,pedestrian,7514,bike,311.4,314.2,2.8,-4.856289,8.796539,-4.80741,8.857416,2.006
26,21092031,3,248,7494,pedestrian,7522,bike,315.2,317,1.8,-5.426014,8.409913,-5.34491,8.46586,2.542
26,21092031,3,247,7509,pedestrian,7514,bike,314.2,318.6,4.4,-4.589715,8.767666,-4.596602,8.771451,0.076
26,21092031,3,202,7509,pedestrian,7524,bike,278,319,41,-2.784501,8.420805,-4.81088,8.786913,1.349
26,21092031,3,249,7506,pedestrian,7522,bike,317.4,319.2,1.8,-5.115387,8.649553,-5.041553,8.708277,2.602
26,21092031,3,251,7509,pedestrian,7522,bike,319.2,322,2.8,-4.818735,8.794398,-4.770207,8.866735,0.811
26,21092031,3,250,7506,pedestrian,7524,bike,319,323.2,4.2,-5.042267,8.707726,-5.386082,8.43939,2.63
26,21092031,3,212,7509,pedestrian,7526,bike,281.6,323.4,41.8,-2.87968,8.375768,-4.971131,8.765623,0.77
26,21092031,3,252,7514,bike,7520,pedestrian,320.4,324.4,4,-4.307334,8.612466,-4.329703,8.62476,0.149
26,21092031,3,253,7520,pedestrian,7522,bike,323.6,327.2,3.6,-4.484012,8.70957,-4.492725,8.714359,0.267
26,21092031,3,255,7506,pedestrian,7526,bike,324.4,327.6,3.2,-5.297031,8.504369,-5.600164,8.286303,2.445
26,21092031,3,254,7494,pedestrian,7524,bike,324,328,4,-5.66752,8.233461,-5.998451,8.001146,1.904
26,21092031,3,257,7496,pedestrian,7523,car,328.2,330.4,2.2,-2.891641,5.132503,-2.777914,4.908548,0.504
26,21092031,3,256,7494,pedestrian,7526,bike,328,331.2,3.2,-5.847534,8.109379,-6.143506,7.894465,1.894
26,21092031,3,258,7485,pedestrian,7519,car,333.8,335.4,1.6,-6.111278,0.752861,-6.200625,0.696482,1.752
26,21092031,3,259,7450,pedestrian,7512,bike,335.4,339.6,4.2,-9.04103,5.405621,-9.377015,5.168411,2.639
26,21092031,3,260,7445,pedestrian,7512,bike,336.4,340,3.6,-9.168157,5.317489,-9.424574,5.113808,2.674
26,21092031,3,261,7443,pedestrian,7531,car,340,340.8,0.8,-9.603566,4.591966,-9.563087,4.623092,4.378
26,21092031,3,263,7512,bike,7531,car,341,341.8,0.8,-9.42918,4.72779,-9.386905,4.724655,3.802
26,21092031,3,264,7485,pedestrian,7528,car,341.4,342.6,1.2,-5.737245,1.039412,-5.816373,0.98858,2.779
26,21092031,3,262,7514,bike,7530,pedestrian,340,344.4,4.4,-3.367826,8.299351,-3.367499,8.299415,0.18
26,21092031,3,266,7522,bike,7530,pedestrian,342,346.4,4.4,-3.474626,8.30074,-3.458886,8.300077,0.22
26,21092031,3,265,7443,pedestrian,7512,bike,341.6,347,5.4,-9.588361,4.682504,-9.951573,4.36467,1.427
26,21092031,3,268,7460,pedestrian,7538,car,346.2,347.8,1.6,-2.902311,5.020723,-2.76801,4.927804,1.92
26,21092031,3,270,7487,pedestrian,7528,car,346.2,347.8,1.6,-6.724437,0.285514,-6.825509,0.198528,0.61
26,21092031,3,272,7508,pedestrian,7528,car,347.4,348.2,0.8,-6.990157,0.185655,-6.99671,0.113782,4.417
26,21092031,3,267,7514,bike,7539,pedestrian,344.6,348.4,3.8,-3.134392,8.346129,-3.161643,8.337983,0.063
26,21092031,3,271,7460,pedestrian,7536,car,347.4,348.6,1.2,-2.756691,5.012478,-2.814625,5.144403,3.914
26,21092031,3,269,7522,bike,7539,pedestrian,346.2,349.8,3.6,-3.238756,8.323533,-3.252707,8.320912,0.252
26,21092031,3,273,7460,pedestrian,7541,car,350.2,351.8,1.6,-2.85118,5.13468,-2.70566,5.038739,3.217
26,21092031,3,274,7485,pedestrian,7523,car,352.8,353.6,0.8,-5.172537,1.471762,-5.213459,1.445785,4.217
26,21092031,3,275,7522,bike,7545,pedestrian,354,355.2,1.2,-2.807996,8.427602,-2.805751,8.41252,3.137
26,21092031,3,276,7487,pedestrian,7523,car,358.2,359.8,1.6,-6.193752,0.689904,-6.294541,0.624827,1.516
26,21092031,3,280,7508,pedestrian,7523,car,359.4,361,1.6,-6.400287,0.533279,-6.498947,0.469946,1.069
26,21092031,3,282,7524,bike,7535,pedestrian,360.6,363,2.4,-9.729715,4.456416,-9.857055,4.436357,1.155
26,21092031,3,283,7526,bike,7535,pedestrian,361.2,363.4,2.2,-9.71051,4.471859,-9.819719,4.456166,1.479
26,21092031,3,277,7547,pedestrian,7558,bike,358.4,363.6,5.2,-2.837633,8.395664,-3.060084,8.343984,0.405
26,21092031,3,278,7550,pedestrian,7558,bike,358.4,364.4,6,-2.77098,8.427203,-3.11991,8.341066,2.858
26,21092031,3,281,7450,pedestrian,7524,bike,360.4,364.4,4,-9.703201,4.476881,-10.042267,4.293576,0.203
26,21092031,3,284,7445,pedestrian,7524,bike,361.4,365,3.6,-9.830282,4.381402,-10.132478,4.218863,1.874
26,21092031,3,285,7450,pedestrian,7526,bike,361.4,365.4,4,-9.735875,4.452235,-10.071751,4.271472,0.725
26,21092031,3,286,7547,pedestrian,7560,bike,361.6,365.4,3.8,-2.927754,8.35302,-2.944999,8.350421,0.166
26,21092031,3,288,7445,pedestrian,7526,bike,362.6,366,3.4,-9.874938,4.348078,-10.166575,4.192302,2.503
26,21092031,3,287,7550,pedestrian,7560,bike,361.6,366.4,4.8,-2.870117,8.380293,-2.997329,8.346296,0.094
26,21092031,3,290,7547,pedestrian,7564,bike,367,368.4,1.4,-2.801525,8.299097,-2.828104,8.267409,1.98
26,21092031,3,289,7555,pedestrian,7560,bike,366.2,368.6,2.4,-3.005753,8.388053,-3.146707,8.339629,4.281
26,21092031,3,292,7550,pedestrian,7564,bike,367,369.4,2.4,-2.82316,8.341903,-2.875741,8.300821,0.15
26,21092031,3,291,7555,pedestrian,7564,bike,367,371,4,-2.887892,8.371882,-2.965148,8.348029,0.129
26,21092031,3,293,7487,pedestrian,7538,car,370.4,371.6,1.2,-5.677199,1.085116,-5.75918,1.031749,2.88
26,21092031,3,294,7508,pedestrian,7538,car,371.2,372.6,1.4,-5.845143,0.956501,-5.941713,0.893978,2.406
26,21092031,3,295,7461,pedestrian,7549,car,371.2,373.2,2,-2.884184,5.12845,-2.710925,5.024291,2.365
26,21092031,3,296,7550,pedestrian,7566,car,373.2,374.4,1.2,-2.620062,8.105874,-2.730344,8.022558,3.282
26,21092031,3,297,7555,pedestrian,7566,car,373.2,374.8,1.6,-2.65856,8.192305,-2.811136,8.069287,0.73
26,21092031,3,298,7521,pedestrian,7538,car,374.8,376.2,1.4,-6.565604,0.40732,-6.655956,0.349965,0.6
26,21092031,3,299,7487,pedestrian,7541,car,375.2,376.4,1.2,-5.475332,1.239667,-5.550988,1.190663,3.407
26,21092031,3,300,7487,pedestrian,7544,car,375.8,377,1.2,-5.459797,1.252295,-5.530697,1.206572,3.438
26,21092031,3,301,7508,pedestrian,7541,car,376,377.2,1.2,-5.630982,1.120615,-5.705131,1.072876,3.019
26,21092031,3,302,7508,pedestrian,7544,car,376.4,377.8,1.4,-5.598891,1.144117,-5.686224,1.087965,3.043
26,21092031,3,303,7487,pedestrian,7546,car,377.6,378.4,0.8,-5.386453,1.308626,-5.440401,1.273322,3.689
26,21092031,3,304,7508,pedestrian,7546,car,378.2,379.2,1,-5.532211,1.196256,-5.602936,1.150197,3.232
26,21092031,3,305,7521,pedestrian,7541,car,379.4,381,1.6,-6.290109,0.616649,-6.386675,0.55586,1.379
26,21092031,3,306,7521,pedestrian,7544,car,380,381.4,1.4,-6.27497,0.629603,-6.353907,0.580147,1.424
26,21092031,3,307,7521,pedestrian,7546,car,381.2,382.4,1.2,-6.195156,0.689682,-6.278397,0.636439,1.574
26,21092031,3,279,7545,pedestrian,7558,bike,358.4,393.2,34.8,-2.895854,8.368115,-4.929638,8.798245,1.617
26,21092031,3,308,7545,pedestrian,7560,bike,392.8,397,4.2,-4.782448,8.862057,-5.116291,8.648827,2.632
26,21092031,3,309,7539,pedestrian,7558,bike,395.8,398.2,2.4,-5.553551,8.312083,-5.800512,8.148444,2.153
26,21092031,3,310,7530,pedestrian,7558,bike,396.4,399,2.6,-5.670292,8.231339,-5.938066,8.046092,1.941
26,21092031,3,312,7521,pedestrian,7549,car,398.2,399.2,1,-5.248076,1.414141,-5.294659,1.385354,4.018
26,21092031,3,311,7545,pedestrian,7564,bike,398,400.8,2.8,-5.020353,8.724861,-5.293482,8.508949,2.624
26,21092031,3,313,7496,pedestrian,7549,car,399.2,401.8,2.6,-5.443251,1.263202,-5.712663,1.068,3.207
26,21092031,3,317,7521,pedestrian,7531,car,401.8,402.6,0.8,-5.045019,1.56928,-5.082915,1.545648,4.539
26,21092031,3,314,7539,pedestrian,7560,bike,399.6,402.8,3.2,-5.705329,8.207102,-6.008184,7.993856,1.868
26,21092031,3,315,7530,pedestrian,7560,bike,400.6,403.6,3,-5.855465,8.104067,-6.13191,7.902855,1.904
26,21092031,3,316,7483,pedestrian,7549,car,401.4,404.2,2.8,-5.821823,0.973791,-6.101228,0.77278,2.223
26,21092031,3,318,7474,pedestrian,7549,car,402.2,405,2.8,-5.957674,0.870072,-6.237303,0.668873,1.873
26,21092031,3,319,7539,pedestrian,7564,bike,403.2,405.8,2.6,-5.880225,8.086931,-6.124333,7.908489,1.904
26,21092031,3,320,7530,pedestrian,7564,bike,403.8,406.6,2.8,-5.986153,8.013867,-6.255921,7.812643,2.034
26,21092031,3,321,7496,pedestrian,7531,car,405.8,408.6,2.8,-5.791182,0.997469,-6.095869,0.777153,2.305
26,21092031,3,322,7483,pedestrian,7531,car,407.4,410.2,2.8,-6.082735,0.774547,-6.379218,0.561087,1.526
26,21092031,3,323,7474,pedestrian,7531,car,408.2,411,2.8,-6.221856,0.668673,-6.514281,0.458589,1.238
26,21092031,3,324,7535,pedestrian,7558,bike,411.4,412.8,1.4,-8.02432,6.112083,-8.108224,6.053947,2.586
26,21092031,3,325,7535,pedestrian,7560,bike,415.4,417,1.6,-7.854998,6.229649,-7.937259,6.172661,2.624
26,21092031,3,328,7535,pedestrian,7564,bike,416.6,418,1.4,-7.811533,6.259835,-7.889236,6.206,2.584
26,21092031,3,326,7520,pedestrian,7558,bike,415.6,418.2,2.6,-8.799637,5.573708,-9.072133,5.38277,2.563
26,21092031,3,327,7509,pedestrian,7558,bike,416.4,419,2.6,-8.942831,5.474279,-9.218069,5.285594,2.666
26,21092031,3,331,7586,pedestrian,7588,car,420.2,420.8,0.6,-11.140468,-2.613166,-11.095208,-2.58108,4.704
26,21092031,3,333,7585,pedestrian,7588,car,420.6,421.6,1,-11.044831,-2.539525,-10.950899,-2.472541,4.421
26,21092031,3,330,7506,pedestrian,7558,bike,419.4,422,2.6,-9.440504,5.016221,-9.548203,4.707268,1.869
26,21092031,3,334,7584,pedestrian,7588,car,421,422.4,1.4,-10.94903,-2.465749,-10.80365,-2.361576,4.15
26,21092031,3,332,7494,pedestrian,7558,bike,420.4,423.6,3.2,-9.524512,4.837894,-9.73462,4.525046,2.957
26,21092031,3,329,7568,pedestrian,7577,bike,417.6,424,6.4,-4.392734,8.659403,-4.839288,8.788557,2.256
26,21092031,3,335,7485,pedestrian,7576,car,423.4,425,1.6,-2.624262,5.063999,-2.684567,5.230778,2.647
26,21092031,3,336,7547,pedestrian,7576,car,423.4,425,1.6,-2.668889,5.030803,-2.801664,5.14471,1.956
26,21092031,3,337,7550,pedestrian,7576,car,423.4,425.2,1.8,-2.624538,5.063795,-2.779304,5.192198,0.421
26,21092031,3,338,7555,pedestrian,7576,car,423.6,425.4,1.8,-2.603932,5.1084,-2.765107,5.233269,2.067
26,21092031,3,339,7520,pedestrian,7560,bike,424.2,426.6,2.4,-9.253857,5.262694,-9.428865,5.09603,2.704
26,21092031,3,340,7509,pedestrian,7560,bike,424.6,427.4,2.8,-9.316178,5.206014,-9.445744,4.940484,0.751
26,21092031,3,341,7581,pedestrian,7588,car,425.4,427.6,2.2,-10.074156,-1.80182,-9.830863,-1.627378,2.157
26,21092031,3,342,7520,pedestrian,7564,bike,425.4,427.6,2.2,-9.321414,5.219514,-9.428328,5.037878,2.4
26,21092031,3,344,7575,pedestrian,7588,car,426,428.2,2.2,-9.954881,-1.711305,-9.713033,-1.538056,1.821
26,21092031,3,346,7496,pedestrian,7566,car,426.8,428.2,1.4,-6.862964,0.229917,-6.984126,0.102758,2.444
26,21092031,3,343,7509,pedestrian,7564,bike,425.4,428.4,3,-9.313457,5.181749,-9.466094,4.89492,0.223
26,21092031,3,345,7573,pedestrian,7588,car,426.6,428.8,2.2,-9.833792,-1.619295,-9.594616,-1.448249,1.546
26,21092031,3,349,7547,pedestrian,7580,car,428.8,429.2,0.4,-2.87851,4.92769,-2.862881,4.90338,4.805
26,21092031,3,348,7550,pedestrian,7580,car,428.2,429.6,1.4,-2.905278,5.040058,-2.816773,4.889356,3.123
26,21092031,3,347,7555,pedestrian,7580,car,428,429.8,1.8,-2.909101,5.088024,-2.795269,4.882463,2.266
26,21092031,3,350,7506,pedestrian,7560,bike,429.2,432.2,3,-9.701975,4.480762,-10.003825,4.320215,0.223
26,21092031,3,351,7494,pedestrian,7560,bike,429.8,432.8,3,-9.805432,4.397968,-10.105329,4.239857,1.559
26,21092031,3,354,7542,pedestrian,7558,bike,432,433.2,1.2,-10.831972,3.381889,-10.789773,3.275061,3.671
26,21092031,3,352,7506,pedestrian,7564,bike,430.2,433.4,3.2,-9.74242,4.450144,-10.057305,4.283422,0.452
26,21092031,3,353,7494,pedestrian,7564,bike,431,433.8,2.8,-9.867415,4.356011,-10.142279,4.210595,2.151
26,21092031,3,355,7543,pedestrian,7558,bike,434.4,435.6,1.2,-10.489397,3.052883,-10.441309,2.989324,3.427
26,21092031,3,356,7545,pedestrian,7577,bike,436.4,440.6,4.2,-6.649974,7.192971,-6.952975,6.854015,2.597
26,21092031,3,357,7535,pedestrian,7577,bike,439,440.6,1.6,-6.896971,6.894341,-6.970584,6.842525,2.635
26,21092031,3,358,7539,pedestrian,7577,bike,440.4,443.6,3.2,-7.11554,6.743045,-7.39865,6.546641,2.608
26,21092031,3,360,7558,bike,7565,pedestrian,442.6,443.6,1,-9.485221,1.595695,-9.449652,1.545052,3.846
26,21092031,3,359,7530,pedestrian,7577,bike,441.4,444.6,3.2,-7.261562,6.641655,-7.544966,6.445056,2.608
26,21092031,3,361,7558,bike,7570,pedestrian,444.6,446.4,1.8,-9.231052,1.223885,-9.104137,1.039834,3.989
26,21092031,3,362,7558,bike,7579,pedestrian,447.2,448.2,1,-8.908804,0.752658,-8.875546,0.705444,4.128
26,21092031,3,363,7558,bike,7582,pedestrian,448.2,449.2,1,-8.785822,0.572841,-8.753577,0.527131,4.192
26,21092031,3,364,7496,pedestrian,7558,bike,452.4,453.6,1.2,-8.259001,-0.186481,-8.187325,-0.29879,4.495
26,21092031,3,365,7483,pedestrian,7558,bike,452.8,454,1.2,-8.221963,-0.25156,-8.141581,-0.363351,4.56
26,21092031,3,366,7474,pedestrian,7558,bike,453.6,454.6,1,-8.123031,-0.392528,-8.058434,-0.481752,4.701
26,21092031,3,367,7520,pedestrian,7588,car,454.4,454.6,0.2,-10.185727,3.809891,-10.185727,3.809891,4.949
26,21092031,3,369,7567,pedestrian,7580,car,455.2,456.6,1.4,-6.381085,0.548496,-6.482456,0.482443,1.125
26,21092031,3,368,7474,pedestrian,7558,bike,455,457,2,-8.04282,-0.543236,-8.186304,-0.680008,1.163
26,21092031,3,370,7483,pedestrian,7558,bike,455.4,457,1.6,-8.107526,-0.525838,-8.216404,-0.635723,3.525
26,21092031,3,371,7558,bike,7573,pedestrian,456.6,458.4,1.8,-8.344582,-0.743237,-8.470229,-0.791703,0.171
26,21092031,3,372,7558,bike,7581,pedestrian,457,458.8,1.8,-8.434747,-0.778982,-8.560823,-0.827621,0.177
26,21092031,3,373,7552,pedestrian,7580,car,457.2,458.8,1.6,-6.820117,0.24396,-6.889184,0.108573,0.772
26,21092031,3,374,7563,pedestrian,7580,car,458,458.8,0.8,-6.977256,0.181569,-6.980541,0.108235,3.854
26,21092031,3,375,7577,bike,7588,car,458.6,459.6,1,-9.477928,4.669383,-9.417411,4.659317,2.653
26,21092031,3,377,7558,bike,7584,pedestrian,460.2,462,1.8,-9.074905,-1.062801,-9.180068,-1.139997,0.301
26,21092031,3,378,7558,bike,7585,pedestrian,460.8,462.4,1.6,-9.165058,-1.127615,-9.2512,-1.198673,0.558
26,21092031,3,380,7558,bike,7586,pedestrian,461.2,463,1.8,-9.235558,-1.18577,-9.339043,-1.271134,0.339
26,21092031,3,381,7558,bike,7589,pedestrian,462.2,463.8,1.6,-9.39766,-1.319486,-9.482076,-1.38912,0.269
26,21092031,3,379,7591,pedestrian,7610,bike,460.8,468,7.2,-2.871829,8.379483,-3.210262,8.328778,2.433
26,21092031,3,382,7558,bike,7605,pedestrian,469.2,470.8,1.6,-10.584009,-2.298095,-10.665366,-2.365206,0.201
26,21092031,3,383,7558,bike,7606,pedestrian,470,471.6,1.6,-10.72612,-2.415322,-10.810844,-2.485209,0.565
26,21092031,3,384,7558,bike,7613,pedestrian,471.6,473.4,1.8,-11.004406,-2.644758,-11.106287,-2.728803,0.032
26,21092031,3,385,7535,pedestrian,7594,bike,473.2,475,1.8,-5.815733,8.131169,-5.905059,8.070819,1.893
26,21092031,3,388,7565,pedestrian,7576,car,474.8,475.4,0.6,-10.611569,3.191935,-10.641163,3.165266,4.583
26,21092031,3,386,7535,pedestrian,7596,bike,474.4,476.2,1.8,-5.772381,8.161253,-5.871622,8.095531,1.923
26,21092031,3,389,7535,pedestrian,7599,bike,475,476.6,1.6,-5.747556,8.178334,-5.838274,8.120599,2.003
26,21092031,3,387,7574,pedestrian,7594,bike,474.6,478,3.4,-6.024917,7.985581,-6.339558,7.749949,2.086
26,21092031,3,376,7591,pedestrian,7607,bike,459.2,479.2,20,-2.828568,8.399953,-3.856627,8.388299,0.673
26,21092031,3,390,7574,pedestrian,7596,bike,476.4,479.4,3,-6.107164,7.925944,-6.390921,7.701155,2.183
26,21092031,3,392,7520,pedestrian,7576,car,478.6,480.2,1.6,-11.15659,2.790043,-11.351808,2.755603,2.729
26,21092031,3,391,7574,pedestrian,7599,bike,477.6,480.4,2.8,-6.181272,7.871567,-6.42747,7.66651,2.238
26,21092031,3,393,7509,pedestrian,7576,car,478.6,480.8,2.2,-11.198575,2.745527,-11.477289,2.675596,0.542
26,21092031,3,394,7530,pedestrian,7615,bike,480.2,481.4,1.2,-9.049677,5.39741,-8.975313,5.451743,2.677
26,21092031,3,395,7539,pedestrian,7615,bike,480.6,482,1.4,-8.96888,5.45363,-8.877688,5.519514,2.572
26,21092031,3,396,7545,pedestrian,7615,bike,481,482.4,1.4,-8.891058,5.509564,-8.794999,5.576935,2.561
26,21092031,3,397,7568,pedestrian,7615,bike,482.8,484,1.2,-8.534075,5.75825,-8.471784,5.801379,2.588
26,21092031,3,398,7535,pedestrian,7604,bike,485.6,487,1.4,-5.328746,8.478825,-5.411329,8.419608,2.565
26,21092031,3,399,7574,pedestrian,7615,bike,492.2,493.8,1.6,-6.737233,7.023647,-6.679333,7.126352,2.372
26,21092031,3,400,7574,pedestrian,7604,bike,495,497.8,2.8,-6.731957,7.041633,-7.009244,6.81641,2.583
26,21092031,3,403,7602,pedestrian,7629,car,499.2,500.8,1.6,-2.60997,8.118384,-2.74582,8.021746,2.996
26,21092031,3,401,7568,pedestrian,7594,bike,498.6,501.8,3.2,-9.308478,5.151743,-9.470126,4.883041,0.214
26,21092031,3,402,7545,pedestrian,7594,bike,499.2,502.6,3.4,-9.386909,5.069967,-9.531476,4.739921,1.325
26,21092031,3,404,7568,pedestrian,7596,bike,499.4,502.6,3.2,-9.325855,5.136159,-9.482169,4.857333,0.56
26,21092031,3,405,7535,pedestrian,7607,bike,499.6,502.8,3.2,-4.784058,8.862755,-4.83876,8.795453,1.37
26,21092031,3,407,7545,pedestrian,7596,bike,500,503.4,3.4,-9.412967,5.043789,-9.546902,4.708309,1.651
26,21092031,3,413,7591,pedestrian,7615,bike,502,503.4,1.4,-5.164919,8.609797,-5.082542,8.676095,2.631
26,21092031,3,406,7568,pedestrian,7599,bike,499.8,503.6,3.8,-9.326824,5.132454,-9.506528,4.80296,0.863
26,21092031,3,409,7545,pedestrian,7599,bike,500.6,504.2,3.6,-9.436907,5.021805,-9.561849,4.670363,1.983
26,21092031,3,410,7535,pedestrian,7610,bike,501,504.2,3.2,-4.736998,8.848526,-4.80022,8.785027,0.213
26,21092031,3,408,7539,pedestrian,7594,bike,500.2,504.4,4.2,-9.486912,4.933656,-9.706485,4.548343,2.471
26,21092031,3,412,7530,pedestrian,7594,bike,501.4,505.4,4,-9.562127,4.746036,-9.838474,4.446489,2.544
26,21092031,3,411,7539,pedestrian,7596,bike,501.2,505.8,4.6,-9.506441,4.886952,-9.781464,4.487739,2.852
26,21092031,3,421,7633,pedestrian,7634,car,505.4,505.8,0.4,-11.265572,-2.435144,-11.249734,-2.417264,4.611
26,21092031,3,422,7632,pedestrian,7634,car,505.4,505.8,0.4,-11.221554,-2.605634,-11.203025,-2.598805,3.275
26,21092031,3,414,7535,pedestrian,7614,bike,502.2,506.4,4.2,-4.680203,8.817369,-4.716729,8.786313,0.197
26,21092031,3,416,7530,pedestrian,7596,bike,502.4,506.6,4.2,-9.582479,4.695862,-9.892639,4.408762,1.932
26,21092031,3,415,7539,pedestrian,7599,bike,502.4,506.8,4.4,-9.536549,4.807203,-9.804449,4.472387,2.894
26,21092031,3,417,7591,pedestrian,7607,bike,503,507.4,4.4,-5.075835,8.681393,-5.427791,8.408793,2.631
26,21092031,3,418,7530,pedestrian,7599,bike,503.6,507.6,4,-9.610131,4.621376,-9.927827,4.381182,1.378
26,21092031,3,423,7602,pedestrian,7609,car,506.6,507.8,1.2,-2.528757,7.581119,-2.393981,7.634283,2.799
26,21092031,3,420,7591,pedestrian,7610,bike,505.2,508.8,3.6,-5.182622,8.596294,-5.495011,8.360311,2.641
26,21092031,3,424,7628,pedestrian,7634,car,507.2,509.4,2.2,-10.788912,-2.343973,-10.563053,-2.180778,3.719
26,21092031,3,426,7618,pedestrian,7634,car,510.4,512.8,2.4,-10.226397,-1.916943,-9.990538,-1.747811,2.434
26,21092031,3,425,7591,pedestrian,7614,bike,509.6,513.4,3.8,-5.387686,8.43172,-5.727944,8.198719,2.321
26,21092031,3,427,7616,pedestrian,7634,car,511,513.8,2.8,-10.115527,-1.832388,-9.832302,-1.628811,2.158
26,21092031,3,428,7530,pedestrian,7635,bike,512.2,513.8,1.6,-10.103904,4.246017,-9.98887,4.271116,2.529
26,21092031,3,429,7539,pedestrian,7635,bike,512.6,514.4,1.8,-10.030476,4.303809,-9.902028,4.328726,1.409
26,21092031,3,430,7545,pedestrian,7635,bike,513,514.8,1.8,-9.95795,4.360476,-9.830958,4.383577,0.419
26,21092031,3,433,7581,pedestrian,7611,car,513.8,515,1.2,-5.534229,1.193558,-5.612917,1.143556,3.246
26,21092031,3,431,7568,pedestrian,7635,bike,513.4,515.2,1.8,-9.888874,4.412837,-9.758746,4.439852,0.809
26,21092031,3,432,7568,pedestrian,7604,bike,513.6,516.2,2.6,-9.690209,4.489876,-9.975311,4.344788,0.457
26,21092031,3,436,7594,bike,7631,pedestrian,515.4,516.2,0.8,-10.831812,3.285459,-10.77872,3.271462,4.288
26,21092031,3,434,7545,pedestrian,7604,bike,514.2,516.8,2.6,-9.803973,4.400577,-10.086925,4.258173,1.394
26,21092031,3,440,7599,bike,7631,pedestrian,515.8,516.8,1,-10.833592,3.312444,-10.744687,3.285245,3.599
26,21092031,3,438,7601,pedestrian,7611,car,515.8,517,1.2,-5.946921,0.879239,-6.023452,0.831047,2.269
26,21092031,3,435,7539,pedestrian,7604,bike,515,517.2,2.2,-9.938915,4.302408,-10.175227,4.183091,2.835
26,21092031,3,441,7530,pedestrian,7604,bike,516,517.2,1.2,-10.093716,4.197015,-10.211982,4.137219,4.533
26,21092031,3,444,7599,bike,7631,pedestrian,517,517.4,0.4,-10.719084,3.294381,-10.714631,3.299102,4.767
26,21092031,3,439,7550,pedestrian,7611,car,515.8,517.8,2,-5.94758,0.878686,-6.182719,0.710196,1.971
26,21092031,3,446,7626,pedestrian,7641,bike,517.8,518.2,0.4,-2.8293,8.425116,-2.84131,8.423077,4.839
26,21092031,3,437,7613,pedestrian,7634,car,515.6,518.4,2.8,-9.328262,-1.236164,-9.049404,-1.027416,0.451
26,21092031,3,443,7555,pedestrian,7611,car,516.4,518.6,2.2,-6.078204,0.778669,-6.34133,0.589874,1.654
26,21092031,3,445,7547,pedestrian,7611,car,517,519.2,2.2,-6.202991,0.68355,-6.46557,0.495188,1.293
26,21092031,3,447,7626,pedestrian,7641,bike,518.6,520,1.4,-2.873949,8.418565,-2.942618,8.407936,4.733
26,21092031,3,448,7584,pedestrian,7611,car,519.4,521,1.6,-6.71184,0.294869,-6.819696,0.206591,0.696
26,21092031,3,442,7624,pedestrian,7641,bike,516.4,522.6,6.2,-2.797574,8.414619,-3.110377,8.341099,2.182
26,21092031,3,449,7626,pedestrian,7641,bike,521,523.2,2.2,-3.018004,8.384298,-3.152553,8.33916,4.517
26,21092031,3,451,7574,pedestrian,7635,bike,524.2,525.8,1.6,-8.359049,5.879787,-8.273008,5.939384,2.614
26,21092031,3,452,7594,bike,7595,pedestrian,525.4,526.8,1.4,-9.670036,1.865714,-9.625843,1.802828,3.741
26,21092031,3,453,7595,pedestrian,7599,bike,526,527.2,1.2,-9.68333,1.885277,-9.649238,1.836814,3.739
26,21092031,3,450,7615,bike,7623,pedestrian,524,527.8,3.8,-3.831309,8.378159,-3.869373,8.392563,0.059
26,21092031,3,454,7535,pedestrian,7641,bike,526.4,530.6,4.2,-3.595959,8.307721,-3.629853,8.314287,0.021
26,21092031,3,456,7591,pedestrian,7635,bike,535.4,537,1.6,-6.616042,7.32709,-6.581174,7.424257,2.379
26,21092031,3,459,7594,bike,7598,pedestrian,537.6,538.4,0.8,-8.416378,0.032811,-8.394812,0.002156,4.396
26,21092031,3,457,7650,car,7651,pedestrian,536.4,539.2,2.8,-11.590093,2.573219,-11.26871,2.697569,2.208
26,21092031,3,461,7598,pedestrian,7599,bike,538,539.2,1.2,-8.438258,0.064629,-8.410259,0.024984,4.373
26,21092031,3,455,7574,pedestrian,7607,bike,535.2,539.8,4.6,-8.755625,5.604266,-9.141706,5.335991,2.57
26,21092031,3,458,7574,pedestrian,7610,bike,536.8,540.6,3.8,-8.842168,5.544179,-9.182053,5.309239,2.614
26,21092031,3,462,7574,pedestrian,7646,bike,539.2,541,1.8,-9.106296,5.359485,-9.051856,5.39784,2.669
26,21092031,3,464,7594,bike,7613,pedestrian,541,541.6,0.6,-8.069321,-0.467961,-8.053541,-0.488595,4.734
26,21092031,3,460,7574,pedestrian,7614,bike,538,541.8,3.8,-8.90056,5.503631,-9.243343,5.269004,2.672
26,21092031,3,463,7594,bike,7608,pedestrian,540.4,541.8,1.4,-8.122127,-0.393778,-8.032149,-0.518945,4.717
26,21092031,3,465,7599,bike,7613,pedestrian,541.6,542.2,0.6,-8.091088,-0.437266,-8.068552,-0.467067,4.706
26,21092031,3,468,7594,bike,7613,pedestrian,542.2,543.4,1.2,-8.073748,-0.521296,-8.151709,-0.542264,4.421
26,21092031,3,470,7599,bike,7613,pedestrian,543,543.4,0.4,-8.114687,-0.52317,-8.137553,-0.532421,4.856
26,21092031,3,469,7584,pedestrian,7620,car,542.4,543.8,1.4,-5.725316,1.048454,-5.817966,0.988347,2.741
26,21092031,3,419,7535,pedestrian,7615,bike,503.6,544.4,40.8,-4.805799,8.792196,-2.843699,8.393878,0.851
26,21092031,3,471,7623,pedestrian,7635,bike,545.2,546.6,1.4,-5.07144,8.684923,-5.005158,8.737036,2.631
26,21092031,3,466,7599,bike,7608,pedestrian,541.8,547.2,5.4,-8.059211,-0.482744,-8.260398,-0.714095,0.199
26,21092031,3,479,7599,bike,7608,pedestrian,547.4,547.6,0.2,-8.287898,-0.724808,-8.287898,-0.724808,4.815
26,21092031,3,473,7607,bike,7634,car,546.8,547.8,1,-9.771265,4.310868,-9.778334,4.35846,3.818
26,21092031,3,477,7610,bike,7634,car,547.2,548.2,1,-9.716503,4.35727,-9.712082,4.409318,2.755
26,21092031,3,474,7605,pedestrian,7620,car,546.8,548.4,1.6,-6.588629,0.388516,-6.689394,0.324486,0.609
26,21092031,3,482,7599,bike,7608,pedestrian,548.2,548.4,0.2,-8.342897,-0.746233,-8.342897,-0.746233,4.773
26,21092031,3,478,7584,pedestrian,7625,car,547.4,548.6,1.2,-5.5158,1.208851,-5.587746,1.162393,3.317
26,21092031,3,480,7614,bike,7634,car,547.4,548.6,1.2,-9.659529,4.391947,-9.655133,4.456568,1.808
26,21092031,3,481,7620,car,7621,pedestrian,547.4,548.8,1.4,-6.6828,0.318276,-6.767518,0.264781,0.35
26,21092031,3,484,7599,bike,7608,pedestrian,548.6,549.2,0.6,-8.370397,-0.756946,-8.397896,-0.767659,4.421
26,21092031,3,486,7599,bike,7608,pedestrian,549.4,549.6,0.2,-8.425396,-0.778372,-8.425396,-0.778372,4.711
26,21092031,3,472,7594,bike,7616,pedestrian,546.4,549.8,3.4,-8.307193,-0.728425,-8.334313,-0.737967,0.253
26,21092031,3,476,7599,bike,7616,pedestrian,547.2,550.8,3.6,-8.260336,-0.709915,-8.3,-0.724281,0.362
26,21092031,3,475,7594,bike,7618,pedestrian,547.2,551,3.8,-8.376414,-0.755837,-8.403609,-0.765325,0.16
26,21092031,3,487,7599,bike,7608,pedestrian,550.2,551,0.8,-8.480395,-0.799798,-8.514656,-0.813144,4.338
26,21092031,3,488,7599,bike,7608,pedestrian,551.2,551.8,0.6,-8.542156,-0.823857,-8.569655,-0.83457,4.607
26,21092031,3,483,7599,bike,7618,pedestrian,548.2,552,3.8,-8.334338,-0.739148,-8.356682,-0.746724,0.277
26,21092031,3,485,7623,pedestrian,7641,bike,549,552,3,-5.135861,8.633873,-5.437388,8.401369,2.639
26,21092031,3,490,7599,bike,7608,pedestrian,552,552.2,0.2,-8.597155,-0.845283,-8.597155,-0.845283,4.896
26,21092031,3,492,7599,bike,7608,pedestrian,552.8,553,0.2,-8.652154,-0.866708,-8.652154,-0.866708,4.854
26,21092031,3,489,7605,pedestrian,7625,car,551.8,553.4,1.6,-6.329894,0.586805,-6.423298,0.527867,1.234
26,21092031,3,491,7621,pedestrian,7625,car,552.2,553.8,1.6,-6.402613,0.531334,-6.495598,0.472736,1.071
26,21092031,3,494,7599,bike,7608,pedestrian,553.6,553.8,0.2,-8.707154,-0.888134,-8.707154,-0.888134,4.813
26,21092031,3,493,7584,pedestrian,7629,car,553,554,1,-5.283961,1.386551,-5.344089,1.347611,3.897
26,21092031,3,497,7599,bike,7608,pedestrian,554.4,554.6,0.2,-8.762153,-0.90956,-8.762153,-0.90956,4.771
26,21092031,3,499,7599,bike,7608,pedestrian,554.8,555,0.2,-8.789652,-0.920272,-8.789652,-0.920272,4.75
26,21092031,3,498,7584,pedestrian,7630,car,554.6,555.4,0.8,-5.220857,1.435159,-5.266873,1.40532,4.097
26,21092031,3,495,7591,pedestrian,7646,bike,553.8,555.6,1.8,-7.371608,6.565403,-7.31571,6.604072,2.603
26,21092031,3,500,7599,bike,7608,pedestrian,555.2,555.8,0.6,-8.817152,-0.930985,-8.844652,-0.941698,4.398
26,21092031,3,496,7606,pedestrian,7625,car,554.4,556,1.6,-6.805798,0.245156,-6.86538,0.143339,0.506
26,21092031,3,501,7574,pedestrian,7652,car,555.6,556.4,0.8,-9.59485,4.605095,-9.550029,4.635573,4.487
26,21092031,3,502,7599,bike,7608,pedestrian,556.2,556.6,0.4,-8.887424,-0.958361,-8.894186,-0.960995,4.607
26,21092031,3,505,7605,pedestrian,7629,car,557,558.4,1.4,-6.055006,0.796989,-6.138938,0.743834,1.911
26,21092031,3,506,7621,pedestrian,7629,car,557.4,558.8,1.4,-6.130166,0.739665,-6.212858,0.687551,1.721
26,21092031,3,467,7594,bike,7608,pedestrian,542,559,17,-8.027841,-0.556417,-9.132148,-1.176717,0.378
26,21092031,3,504,7594,bike,7632,pedestrian,557,559,2,-9.061161,-1.051601,-9.15524,-1.119517,0.191
26,21092031,3,507,7594,bike,7636,pedestrian,557.4,559.4,2,-9.131783,-1.100167,-9.225285,-1.177296,0.282
26,21092031,3,508,7599,bike,7632,pedestrian,557.6,559.4,1.8,-9.033465,-1.03533,-9.122546,-1.092548,0.397
26,21092031,3,503,7599,bike,7608,pedestrian,556.8,559.6,2.8,-8.919824,-0.972941,-9.125836,-1.19379,1.753
26,21092031,3,509,7599,bike,7636,pedestrian,558,559.8,1.8,-9.115472,-1.086712,-9.200431,-1.156794,0.23
26,21092031,3,510,7605,pedestrian,7630,car,558.4,559.8,1.4,-5.975394,0.857443,-6.061166,0.803018,2.096
26,21092031,3,511,7621,pedestrian,7630,car,558.8,560.2,1.4,-6.049928,0.800736,-6.140573,0.742221,1.884
26,21092031,3,513,7606,pedestrian,7629,car,559.6,561.2,1.6,-6.545623,0.422606,-6.646861,0.357751,0.655
26,21092031,3,512,7594,bike,7638,pedestrian,559.6,561.6,2,-9.439496,-1.353996,-9.53165,-1.430014,0.496
26,21092031,3,515,7594,bike,7647,pedestrian,560.2,562,1.8,-9.517899,-1.41867,-9.598638,-1.485271,0.004
26,21092031,3,514,7599,bike,7638,pedestrian,560,562.2,2.2,-9.417749,-1.336058,-9.503172,-1.406522,0.459
26,21092031,3,517,7606,pedestrian,7630,car,561,562.6,1.6,-6.473347,0.477514,-6.576731,0.411178,0.85
26,21092031,3,516,7599,bike,7647,pedestrian,560.8,562.8,2,-9.489186,-1.394986,-9.589483,-1.47772,0.062
26,21092031,3,518,7594,bike,7649,pedestrian,562.4,564.2,1.8,-9.829122,-1.675396,-9.901014,-1.734699,0.263
26,21092031,3,519,7574,pedestrian,7659,bike,562.6,564.4,1.8,-9.999416,4.329679,-9.874349,4.35172,0.987
26,21092031,3,520,7599,bike,7649,pedestrian,562.8,564.6,1.8,-9.791376,-1.644259,-9.872744,-1.711379,0.085
26,21092031,3,521,7623,pedestrian,7646,bike,565.8,567.8,2,-6.250503,7.816507,-6.198659,7.858918,2.129
26,21092031,3,522,7594,bike,7656,pedestrian,566.2,568,1.8,-10.368516,-2.120337,-10.434031,-2.174379,0.504
26,21092031,3,523,7599,bike,7656,pedestrian,566.6,568.4,1.8,-10.335641,-2.093218,-10.396539,-2.143453,0.429
26,21092031,3,524,7591,pedestrian,7641,bike,568,570.8,2.8,-7.930537,6.177193,-8.2098,5.983424,2.581
26,21092031,3,525,7594,bike,7658,pedestrian,569,571,2,-10.777292,-2.457532,-10.863026,-2.528254,0.373
26,21092031,3,526,7599,bike,7658,pedestrian,569.4,571.4,2,-10.754735,-2.438926,-10.840245,-2.509462,0.128
26,21092031,3,527,7594,bike,7663,pedestrian,571.4,572.6,1.2,-11.137374,-2.651368,-11.203588,-2.737596,2.428
26,21092031,3,528,7599,bike,7663,pedestrian,571.8,573.4,1.6,-11.121112,-2.650596,-11.211849,-2.769696,1.709
26,21092031,3,529,7591,pedestrian,7659,bike,574.2,575.6,1.4,-8.368565,5.873165,-8.295031,5.9241,2.585
26,21092031,3,530,7623,pedestrian,7659,bike,582.8,584.2,1.4,-6.888635,6.897629,-6.820731,6.945504,2.568
26,21092031,3,531,7626,pedestrian,7660,car,591,592.4,1.4,-2.902533,5.069583,-2.786053,4.893177,2.166
26,21092031,3,532,7624,pedestrian,7660,car,591,592.4,1.4,-2.912191,5.048838,-2.796429,4.870833,2.878
26,21092031,3,533,7613,pedestrian,7654,car,601.4,602.6,1.2,-5.698042,1.069796,-5.779215,1.016927,2.844
26,21092031,3,534,7618,pedestrian,7654,car,602.2,603.4,1.2,-5.865373,0.941552,-5.941939,0.89255,2.413
26,21092031,3,535,7613,pedestrian,7660,car,608.6,609.6,1,-5.384691,1.308471,-5.47569,1.248198,3.588
26,21092031,3,536,7618,pedestrian,7660,car,609.2,610,0.8,-5.523088,1.204384,-5.588573,1.1615,3.309
26,21092031,3,537,7632,pedestrian,7660,car,614,615.2,1.2,-6.833198,0.241454,-6.903758,0.120781,0.986
26,21092031,3,538,7646,bike,7667,pedestrian,615,619.2,4.2,-3.052659,8.373036,-3.077196,8.343205,0.168
26,21092031,3,539,7591,pedestrian,7661,car,619,620.2,1.2,-9.998633,4.058474,-10.076007,3.952977,4.65
26,21092031,3,540,7659,bike,7667,pedestrian,619,622.4,3.4,-3.288763,8.314183,-3.278935,8.316032,0.019
26,21092031,3,541,7661,car,7670,pedestrian,624,626.2,2.2,-10.584659,3.184816,-10.652993,2.968263,1.866
26,21092031,3,543,7632,pedestrian,7665,car,631.2,632.6,1.4,-6.101442,0.761423,-6.205057,0.693686,1.773
26,21092031,3,542,7623,pedestrian,7678,bike,631,632.8,1.8,-9.477483,4.870826,-9.47261,4.968887,1.335
26,21092031,3,544,7619,pedestrian,7665,car,634.4,636,1.6,-6.770377,0.254811,-6.860745,0.142482,0.127
26,21092031,3,545,7649,pedestrian,7665,car,634.8,636.2,1.4,-6.864514,0.225034,-6.904707,0.10042,1.327
26,21092031,3,546,7677,pedestrian,7685,car,648,649.8,1.8,-2.638489,8.159989,-2.78037,8.034608,1.287
26,21092031,3,547,7667,pedestrian,7678,bike,660,661.6,1.6,-5.49956,8.35651,-5.426543,8.403714,2.482
26,21092031,3,548,7606,pedestrian,7673,car,660.6,663,2.4,-2.650708,5.045187,-2.69824,5.235179,1.716
26,21092031,3,550,7606,pedestrian,7680,car,662,663.8,1.8,-2.617034,5.073564,-2.672372,5.241176,3.165
26,21092031,3,549,7606,pedestrian,7675,car,661.4,664.2,2.8,-2.628842,5.057856,-2.647021,5.224313,2.618
26,21092031,3,552,7637,pedestrian,7681,car,667,668.6,1.6,-10.523319,3.12547,-10.66143,3.002141,0.801
26,21092031,3,551,7671,pedestrian,7678,bike,665.6,669.4,3.8,-4.640243,8.795437,-4.628614,8.789045,0.019
26,21092031,3,553,7623,pedestrian,7681,car,670.6,672.2,1.6,-11.14918,2.788719,-11.370124,2.74458,2.666
26,21092031,3,554,7669,pedestrian,7672,bike,670.8,672.4,1.6,-8.976022,5.451244,-9.040902,5.403408,2.662
26,21092031,3,555,7619,pedestrian,7674,car,673.2,674.4,1.2,-5.414704,1.286185,-5.483904,1.241017,3.575
26,21092031,3,557,7649,pedestrian,7674,car,673.6,675,1.4,-5.487958,1.229863,-5.572663,1.174262,3.321
26,21092031,3,558,7619,pedestrian,7679,car,673.8,675,1.2,-5.394429,1.301713,-5.460275,1.258858,3.58
26,21092031,3,559,7649,pedestrian,7679,car,674.2,675.4,1.2,-5.48368,1.233841,-5.534782,1.201686,3.377
26,21092031,3,556,7626,pedestrian,7674,car,673.4,676,2.6,-5.463832,1.247531,-5.730297,1.054861,3.161
26,21092031,3,560,7624,pedestrian,7674,car,674.2,676.8,2.6,-5.601097,1.142644,-5.862321,0.954374,2.819
26,21092031,3,561,7626,pedestrian,7679,car,674.2,676.8,2.6,-5.503298,1.217374,-5.749847,1.039115,3.04
26,21092031,3,562,7624,pedestrian,7679,car,675.2,677.8,2.6,-5.646147,1.108205,-5.914366,0.91511,2.705
26,21092031,3,564,7617,pedestrian,7674,car,678.4,681.4,3,-6.317132,0.595855,-6.617456,0.379848,0.942
26,21092031,3,565,7602,pedestrian,7674,car,679.2,682.2,3,-6.452208,0.492794,-6.750498,0.278478,0.605
26,21092031,3,566,7617,pedestrian,7679,car,679.2,682.4,3.2,-6.350867,0.570018,-6.664583,0.344008,0.887
26,21092031,3,568,7663,pedestrian,7674,car,680.8,682.6,1.8,-6.707735,0.298915,-6.803841,0.226489,0.523
26,21092031,3,567,7602,pedestrian,7679,car,680.2,682.8,2.6,-6.502882,0.454807,-6.765554,0.26628,0.641
26,21092031,3,569,7663,pedestrian,7679,car,681.2,682.8,1.6,-6.675627,0.322356,-6.775712,0.257752,0.525
26,21092031,3,570,7666,pedestrian,7674,car,681.2,683,1.8,-6.778128,0.253164,-6.854254,0.155755,0.161
26,21092031,3,563,7689,pedestrian,7697,bike,675.8,683.2,7.4,-2.838342,8.395329,-3.299071,8.312159,1.845
26,21092031,3,571,7666,pedestrian,7679,car,681.6,683.6,2,-6.746158,0.268507,-6.843897,0.168202,0.442
26,21092031,3,572,7678,bike,7689,pedestrian,684,687.2,3.2,-3.599219,8.306578,-3.625683,8.312965,0.12
26,21092031,3,573,7677,pedestrian,7692,car,690.2,691,0.8,-2.741277,5.104782,-2.708938,5.038568,4.555
26,21092031,3,574,7613,pedestrian,7692,car,690.4,691.2,0.8,-2.866431,4.910493,-2.809954,4.872137,4.511
26,21092031,3,576,7613,pedestrian,7693,car,698,699.8,1.8,-2.646925,5.059285,-2.715227,5.236062,1.553
26,21092031,3,575,7618,pedestrian,7693,car,698,700,2,-2.667981,5.043584,-2.739234,5.246727,0.642
26,21092031,3,577,7663,pedestrian,7685,car,705.2,706.6,1.4,-5.625833,1.123557,-5.712095,1.067899,2.985
26,21092031,3,578,7666,pedestrian,7685,car,705.6,707.2,1.6,-5.699939,1.066935,-5.805152,0.998161,2.824
26,21092031,3,579,7663,pedestrian,7692,car,712.8,713.8,1,-5.313559,1.363347,-5.376726,1.322336,3.797
26,21092031,3,580,7666,pedestrian,7692,car,713.2,714.2,1,-5.392638,1.302973,-5.453805,1.263643,3.598
26,21092031,3,581,7692,car,7694,pedestrian,720.2,721.8,1.6,-6.795845,0.25292,-6.862146,0.146967,0.491
26,21092031,3,582,7667,pedestrian,7705,bike,721.8,723.6,1.8,-8.38593,5.861118,-8.319342,5.907213,2.572
26,21092031,3,584,7669,pedestrian,7697,bike,730.4,732.2,1.8,-6.545272,7.518002,-6.578715,7.447718,2.739
26,21092031,3,585,7671,pedestrian,7705,bike,730.6,732.4,1.8,-7.192445,6.689827,-7.120416,6.73967,2.614
26,21092031,3,583,7689,pedestrian,7697,bike,729.2,734.2,5,-6.439916,7.657509,-6.665078,7.157498,2.446
26,21092031,3,586,7632,pedestrian,7700,car,733,734.4,1.4,-2.771581,5.017443,-2.813848,5.13144,4.351
26,21092031,3,587,7632,pedestrian,7702,car,733.2,735.6,2.4,-2.750105,4.996674,-2.80743,5.180275,3.612
26,21092031,3,588,7667,pedestrian,7712,bike,734,735.6,1.6,-9.019324,5.41811,-8.939621,5.476505,2.622
26,21092031,3,589,7689,pedestrian,7705,bike,734.8,736.6,1.8,-6.686468,7.094474,-6.660272,7.156414,2.485
26,21092031,3,590,7694,pedestrian,7698,car,737,738.4,1.4,-5.879032,0.930844,-5.964993,0.876346,2.341
26,21092031,3,591,7683,pedestrian,7698,car,738.2,739.6,1.4,-6.113048,0.752068,-6.200547,0.696279,1.741
26,21092031,3,594,7667,pedestrian,7714,bike,740.8,742.4,1.6,-9.373451,5.179486,-9.312438,5.225183,2.716
26,21092031,3,592,7669,pedestrian,7705,bike,739,742.8,3.8,-6.370911,7.718603,-6.06037,7.959879,2.126
26,21092031,3,595,7671,pedestrian,7712,bike,741.8,743.4,1.6,-7.702998,6.335333,-7.617,6.394892,2.612
26,21092031,3,593,7671,pedestrian,7697,bike,739.8,744,4.2,-7.453794,6.508192,-7.796426,6.270462,2.592
26,21092031,3,596,7689,pedestrian,7712,bike,744.2,745.6,1.4,-7.30013,6.615042,-7.239125,6.65725,2.638
26,21092031,3,597,7671,pedestrian,7714,bike,750,751.6,1.6,-8.061299,6.086527,-7.992877,6.133912,2.624
26,21092031,3,598,7689,pedestrian,7714,bike,751.8,753.4,1.6,-7.798392,6.269087,-7.744799,6.30616,2.625
26,21092031,3,599,7669,pedestrian,7703,bike,754.6,757,2.4,-5.532451,8.327274,-5.591498,8.292491,2.311
26,21092031,3,600,7669,pedestrian,7712,bike,756.2,759,2.8,-5.616886,8.274942,-5.341399,8.4687,2.427
26,21092031,3,601,7667,pedestrian,7697,bike,763.2,765.2,2,-10.038511,4.233407,-10.202893,4.138977,4.411
26,21092031,3,603,7667,pedestrian,7697,bike,775.6,776.8,1.2,-10.623662,3.416873,-10.58127,3.360606,3.84
26,21092031,3,604,7649,pedestrian,7720,car,779.6,781.4,1.8,-2.904278,5.114034,-2.745135,4.985269,1.032
26,21092031,3,605,7619,pedestrian,7720,car,779.6,781.4,1.8,-2.888058,5.126314,-2.724294,5.001047,1.666
26,21092031,3,606,7619,pedestrian,7722,car,780.2,782,1.8,-2.879876,5.137292,-2.715003,5.011383,2.266
26,21092031,3,607,7649,pedestrian,7722,car,780.2,782,1.8,-2.890574,5.129192,-2.730323,4.999784,1.078
26,21092031,3,609,7619,pedestrian,7723,car,781,782.4,1.4,-2.847872,5.128163,-2.720381,5.030038,2.806
26,21092031,3,608,7649,pedestrian,7723,car,780.8,782.6,1.8,-2.887806,5.130432,-2.714166,5.002394,1.887
26,21092031,3,610,7671,pedestrian,7733,bike,782.8,785.4,2.6,-9.426917,5.013349,-9.379425,5.0789,0.314
26,21092031,3,612,7689,pedestrian,7733,bike,783.4,786,2.6,-9.426609,5.091213,-9.322367,5.139918,0.607
26,21092031,3,611,7669,pedestrian,7731,bike,783.2,787.2,4,-4.259801,8.586342,-4.269694,8.591778,0.184
26,21092031,3,613,7669,pedestrian,7730,bike,784.2,788.4,4.2,-4.207365,8.557522,-4.216543,8.562566,0.059
26,21092031,3,614,7669,pedestrian,7735,bike,785.8,789.4,3.6,-4.13498,8.517738,-4.16049,8.531759,0.235
26,21092031,3,615,7705,bike,7726,pedestrian,787,789.6,2.6,-2.866295,8.418465,-2.856983,8.387171,2.184
26,21092031,3,616,7705,bike,7732,pedestrian,788.4,789.6,1.2,-2.803405,8.427398,-2.799539,8.414352,3.25
26,21092031,3,617,7712,bike,7726,pedestrian,788.6,792.4,3.8,-2.959783,8.402688,-2.922007,8.355997,1.273
26,21092031,3,618,7712,bike,7732,pedestrian,789.8,792.4,2.6,-2.891385,8.414851,-2.86616,8.382423,2.008
26,21092031,3,619,7726,pedestrian,7752,car,800.4,802.6,2.2,-2.643961,8.196454,-2.809897,8.071975,0.488
26,21092031,3,620,7732,pedestrian,7752,car,800.8,802.6,1.8,-2.702431,8.230654,-2.831029,8.120504,2.866
26,21092031,3,622,7697,bike,7721,pedestrian,803.4,804.4,1,-8.258042,-0.198701,-8.233787,-0.232285,4.462
26,21092031,3,621,7701,pedestrian,7717,car,803,804.6,1.6,-6.630881,0.357899,-6.736099,0.289482,0.433
26,21092031,3,627,7754,pedestrian,7760,bike,807,808,1,-11.208233,-2.801255,-11.122721,-2.742474,0.445
26,21092031,3,626,7755,pedestrian,7760,bike,807,808.4,1.4,-11.181721,-2.791142,-11.033582,-2.668944,0.437
26,21092031,3,623,7697,bike,7719,pedestrian,806.2,808.8,2.6,-8.015994,-0.543873,-8.180212,-0.57018,3.012
26,21092031,3,624,7697,bike,7718,pedestrian,806.4,808.8,2.4,-7.985831,-0.574225,-8.049377,-0.715039,2.749
26,21092031,3,625,7753,pedestrian,7760,bike,807,809,2,-11.133669,-2.751505,-10.908351,-2.565642,0.306
26,21092031,3,630,7701,pedestrian,7720,car,808,809.4,1.4,-6.421707,0.517296,-6.520838,0.452479,0.94
26,21092031,3,628,7751,pedestrian,7760,bike,807.6,809.8,2.2,-10.995337,-2.637396,-10.741775,-2.428235,0.173
26,21092031,3,631,7701,pedestrian,7722,car,808.4,810,1.6,-6.391386,0.539425,-6.507893,0.463216,1.172
26,21092031,3,633,7701,pedestrian,7723,car,809,810.4,1.4,-6.377197,0.55102,-6.475686,0.486647,1.077
26,21092031,3,632,7750,pedestrian,7760,bike,808.6,810.8,2.2,-10.788839,-2.467058,-10.529871,-2.253437,0.172
26,21092031,3,629,7669,pedestrian,7759,bike,807.6,811.4,3.8,-2.991963,8.346749,-3.029911,8.379966,0.453
26,21092031,3,634,7747,pedestrian,7760,bike,810.2,812.4,2.2,-10.45875,-2.19477,-10.208346,-1.988214,0.197
26,21092031,3,635,7745,pedestrian,7760,bike,810.8,812.8,2,-10.334417,-2.092209,-10.108192,-1.905598,0.433
26,21092031,3,636,7743,pedestrian,7760,bike,811.4,813.4,2,-10.21059,-1.990065,-9.985306,-1.80423,0.446
26,21092031,3,602,7669,pedestrian,7714,bike,774.6,814.8,40.2,-4.848592,8.791604,-2.789281,8.419355,1.098
26,21092031,3,638,7741,pedestrian,7760,bike,814.2,816.4,2.2,-9.610281,-1.494876,-9.357094,-1.286024,0.313
26,21092031,3,642,7694,pedestrian,7744,car,815.4,816.6,1.2,-2.8317,5.133999,-2.727593,5.071599,3.845
26,21092031,3,639,7697,bike,7727,pedestrian,814.4,816.8,2.4,-9.03528,-1.038787,-9.129376,-1.098181,0.416
26,21092031,3,637,7697,bike,7734,pedestrian,812.4,817,4.6,-8.805942,-0.926618,-9.129216,-1.197746,1.369
26,21092031,3,640,7739,pedestrian,7760,bike,815,817,2,-9.461463,-1.372117,-9.235344,-1.185593,0.097
26,21092031,3,641,7697,bike,7728,pedestrian,815,817.4,2.4,-9.111613,-1.083529,-9.200504,-1.156854,0.491
26,21092031,3,643,7737,pedestrian,7760,bike,815.4,817.6,2.2,-9.367502,-1.294609,-9.115888,-1.087055,0.064
26,21092031,3,647,7734,pedestrian,7760,bike,816.4,817.6,1.2,-9.129857,-1.183545,-9.024209,-1.133219,3.466
26,21092031,3,644,7697,bike,7737,pedestrian,815.6,817.8,2.2,-9.18562,-1.144577,-9.261543,-1.207205,0.387
26,21092031,3,645,7728,pedestrian,7760,bike,816,818.2,2.2,-9.243471,-1.192298,-8.971724,-0.999589,0.219
26,21092031,3,648,7727,pedestrian,7760,bike,816.6,818.2,1.6,-9.12051,-1.090868,-8.951766,-1.007488,0.294
26,21092031,3,646,7697,bike,7739,pedestrian,816.2,818.4,2.2,-9.255651,-1.202345,-9.331419,-1.264845,0.408
26,21092031,3,649,7697,bike,7741,pedestrian,816.8,819,2.2,-9.324955,-1.259513,-9.402378,-1.323378,0.246
26,21092031,3,650,7697,bike,7743,pedestrian,820,822.2,2.2,-9.699911,-1.56881,-9.777132,-1.632509,0.121
26,21092031,3,653,7742,car,7749,pedestrian,821.8,822.6,0.8,-9.826691,4.285554,-9.850614,4.249677,4.248
26,21092031,3,651,7697,bike,7745,pedestrian,820.6,822.8,2.2,-9.767844,-1.624848,-9.845808,-1.689159,0.18
26,21092031,3,652,7697,bike,7747,pedestrian,821.2,823.4,2.2,-9.836864,-1.681782,-9.918574,-1.749184,0.22
26,21092031,3,654,7697,bike,7750,pedestrian,822.2,824.2,2,-9.953824,-1.778261,-10.015535,-1.829166,0.459
26,21092031,3,655,7697,bike,7751,pedestrian,823.6,825.8,2.2,-10.122081,-1.917055,-10.196055,-1.978075,0.179
26,21092031,3,656,7697,bike,7753,pedestrian,824.6,827,2.4,-10.249569,-2.022219,-10.334471,-2.092253,0.418
26,21092031,3,657,7697,bike,7755,pedestrian,825.2,827.6,2.4,-10.321156,-2.08127,-10.406121,-2.151357,0.339
26,21092031,3,658,7697,bike,7754,pedestrian,825.8,828,2.2,-10.392082,-2.139777,-10.466815,-2.201423,0.245
26,21092031,3,659,7719,pedestrian,7760,bike,827,828.2,1.2,-8.798731,0.593058,-8.891821,0.727894,4.168
26,21092031,3,660,7721,pedestrian,7760,bike,827.6,828.8,1.2,-8.888663,0.724526,-8.979889,0.856596,4.118
26,21092031,3,661,7731,bike,7749,pedestrian,828.6,830.4,1.8,-9.518674,4.857513,-9.517106,4.772532,2.08
26,21092031,3,662,7730,bike,7749,pedestrian,829.2,830.8,1.6,-9.500695,4.898956,-9.50106,4.817272,1.831
26,21092031,3,663,7735,bike,7749,pedestrian,829.8,831.4,1.6,-9.483266,4.938082,-9.482784,4.859969,1.519
26,21092031,3,664,7742,car,7768,pedestrian,831.8,833,1.2,-11.175427,2.767735,-11.266069,2.7966,2.94
26,21092031,3,665,7742,car,7771,pedestrian,833.4,834.6,1.2,-11.483379,2.596844,-11.57212,2.595865,3.203
26,21092031,3,666,7701,pedestrian,7724,car,835.4,836.8,1.4,-5.303617,1.371126,-5.359238,1.336371,3.848
26,21092031,3,667,7701,pedestrian,7729,car,836,837.2,1.2,-5.284412,1.386182,-5.324756,1.361362,3.908
26,21092031,3,668,7701,pedestrian,7725,car,836.8,838,1.2,-5.259909,1.405494,-5.299131,1.381449,3.968
26,21092031,3,669,7701,pedestrian,7744,car,839.6,840.4,0.8,-5.135579,1.499695,-5.179174,1.471428,4.271
26,21092031,3,670,7760,bike,7768,pedestrian,839.8,840.4,0.6,-10.816924,3.275012,-10.836216,3.330799,4.424
26,21092031,3,671,7733,bike,7756,pedestrian,845,849,4,-4.167861,8.53581,-4.21836,8.563565,0.222
26,21092031,3,673,7749,pedestrian,7759,bike,854.8,856.2,1.4,-7.939078,6.171258,-8.004997,6.125625,2.586
26,21092031,3,674,7749,pedestrian,7760,bike,856.8,859,2.2,-7.957849,6.158371,-7.666615,6.36044,2.586
26,21092031,3,675,7733,bike,7767,pedestrian,861,866.2,5.2,-3.532175,8.303168,-3.550603,8.305586,0.057
26,21092031,3,676,7732,pedestrian,7772,car,865.2,866.6,1.4,-2.609526,5.101008,-2.743476,5.224124,2.071
26,21092031,3,677,7726,pedestrian,7769,car,865.2,866.6,1.4,-2.776204,5.121995,-2.711735,5.007376,3.754
26,21092031,3,678,7726,pedestrian,7772,car,865.2,866.6,1.4,-2.644232,5.075609,-2.769677,5.20475,0.514
26,21092031,3,680,7737,pedestrian,7752,car,868.2,869.8,1.6,-6.190289,0.692968,-6.264537,0.648041,1.632
26,21092031,3,681,7756,pedestrian,7760,bike,869,870.2,1.2,-5.575025,8.303678,-5.491407,8.356986,2.387
26,21092031,3,679,7756,pedestrian,7773,bike,868,871.2,3.2,-5.356302,8.456728,-5.70496,8.214601,2.369
26,21092031,3,682,7739,pedestrian,7752,car,872.2,874,1.8,-6.853371,0.233647,-6.89458,0.109806,0.897
26,21092031,3,684,7737,pedestrian,7762,car,875.8,877.2,1.4,-5.734042,1.041887,-5.804202,0.998886,2.755
26,21092031,3,685,7749,pedestrian,7773,bike,876.2,877.6,1.4,-6.622754,7.32091,-6.63491,7.245837,2.559
26,21092031,3,686,7737,pedestrian,7763,car,876.2,877.6,1.4,-5.700657,1.066716,-5.765232,1.027568,2.82
26,21092031,3,688,7766,car,7782,pedestrian,879.6,880.4,0.8,-9.924441,4.156107,-9.939351,4.132883,4.438
26,21092031,3,683,7733,bike,7779,pedestrian,873.8,880.8,7,-3.001401,8.389588,-2.86496,8.344843,0.358
26,21092031,3,687,7760,bike,7767,pedestrian,877.8,881.2,3.4,-4.282592,8.598868,-4.219866,8.564393,0.155
26,21092031,3,689,7739,pedestrian,7762,car,880,881.6,1.6,-6.468683,0.480827,-6.55975,0.422874,0.933
26,21092031,3,690,7739,pedestrian,7763,car,880.6,882.2,1.6,-6.450744,0.49531,-6.543211,0.436391,0.921
26,21092031,3,691,7777,car,7782,pedestrian,881.4,882.2,0.8,-9.833862,4.275952,-9.859703,4.237414,4.255
26,21092031,3,694,7749,pedestrian,7776,bike,884.4,886,1.6,-6.243805,7.82603,-6.294604,7.784663,2.21
26,21092031,3,696,7721,pedestrian,7766,car,885.8,888,2.2,-10.54238,3.172046,-10.677617,3.066707,2.655
26,21092031,3,693,7788,pedestrian,7791,bike,884.2,888.4,4.2,-10.285992,-2.052264,-9.878868,-1.716431,0.122
26,21092031,3,697,7719,pedestrian,7766,car,885.8,888.4,2.6,-10.534337,3.163446,-10.661197,2.999262,1.043
26,21092031,3,698,7766,car,7783,pedestrian,886,888.4,2.4,-10.510912,3.109846,-10.586774,2.908498,2.516
26,21092031,3,695,7756,pedestrian,7776,bike,885.2,888.6,3.4,-6.368531,7.728549,-6.595656,7.411106,2.544
26,21092031,3,700,7721,pedestrian,7777,car,886.8,888.6,1.8,-10.573091,3.171068,-10.674104,3.093696,3.172
26,21092031,3,699,7719,pedestrian,7777,car,886.6,889,2.4,-10.534264,3.163551,-10.675271,3.021734,0.997
26,21092031,3,701,7777,car,7783,pedestrian,887,889,2,-10.512187,3.065122,-10.575061,2.899776,3.005
26,21092031,3,702,7737,pedestrian,7769,car,888.8,889.4,0.6,-4.963172,1.632134,-4.987215,1.617347,4.737
26,21092031,3,672,7767,pedestrian,7778,bike,846.2,890.2,44,-2.772166,8.426642,-4.849317,8.789156,0.762
26,21092031,3,692,7767,pedestrian,7786,bike,883.4,894.6,11.2,-4.325391,8.62239,-5.038728,8.711246,2.669
26,21092031,3,703,7773,bike,7782,pedestrian,893,894.6,1.6,-9.313479,5.153161,-9.424726,5.112106,1.52
26,21092031,3,704,7739,pedestrian,7769,car,893.4,895,1.6,-5.817157,0.977338,-5.910545,0.917831,2.531
26,21092031,3,705,7749,pedestrian,7778,bike,894.4,896.2,1.8,-5.557651,8.309115,-5.602884,8.284313,2.277
26,21092031,3,707,7749,pedestrian,7786,bike,896.2,897.6,1.4,-5.452325,8.385207,-5.512368,8.347749,2.453
26,21092031,3,706,7757,car,7773,bike,896,898.8,2.8,-9.388074,4.702557,-9.777743,4.35853,3.215
26,21092031,3,708,7774,pedestrian,7791,bike,898,899,1,-8.220302,-0.60209,-8.166887,-0.550918,4.626
26,21092031,3,709,7743,pedestrian,7769,car,898.2,899.8,1.6,-6.650474,0.342534,-6.748135,0.279388,0.671
26,21092031,3,710,7745,pedestrian,7769,car,898.6,900.4,1.8,-6.727811,0.282997,-6.823204,0.200068,0.368
26,21092031,3,711,7747,pedestrian,7769,car,899,900.8,1.8,-6.803071,0.247727,-6.878574,0.123918,0.323
26,21092031,3,712,7774,pedestrian,7791,bike,901.8,903.6,1.8,-8.186979,-0.274233,-8.227705,-0.121474,2.836
26,21092031,3,713,7776,bike,7782,pedestrian,903.6,905.2,1.6,-8.704386,5.639853,-8.758691,5.602286,2.608
26,21092031,3,714,7768,pedestrian,7791,bike,904.2,905.2,1,-8.448924,0.081459,-8.476896,0.121152,4.35
26,21092031,3,715,7771,pedestrian,7791,bike,904.6,905.6,1,-8.496203,0.150708,-8.527156,0.194825,4.353
26,21092031,3,717,7739,pedestrian,7781,car,907.8,908.8,1,-5.149086,1.488758,-5.208002,1.450925,4.221
26,21092031,3,716,7761,pedestrian,7791,bike,907.2,909.2,2,-8.768853,0.54939,-8.89671,0.735032,4.163
26,21092031,3,718,7719,pedestrian,7757,car,909.6,912.2,2.6,-11.177197,2.754976,-11.472464,2.683046,0.33
26,21092031,3,719,7721,pedestrian,7757,car,910,912.6,2.6,-11.268398,2.706345,-11.553509,2.616337,1.172
26,21092031,3,720,7719,pedestrian,7765,car,910.2,913,2.8,-11.200474,2.738135,-11.495797,2.663678,0.161
26,21092031,3,721,7721,pedestrian,7765,car,910.8,913.2,2.4,-11.292065,2.690295,-11.557918,2.605372,1.658
26,21092031,3,722,7743,pedestrian,7781,car,912.4,914,1.6,-6.044587,0.803889,-6.151986,0.734074,1.964
26,21092031,3,723,7745,pedestrian,7781,car,912.8,914.4,1.6,-6.120571,0.745917,-6.227036,0.676887,1.749
26,21092031,3,724,7747,pedestrian,7781,car,913.4,914.8,1.4,-6.216868,0.673801,-6.30614,0.616283,1.5
26,21092031,3,725,7783,pedestrian,7791,bike,915,916.2,1.2,-9.593465,1.755319,-9.632038,1.810291,3.777
26,21092031,3,726,7778,bike,7782,pedestrian,916.2,917.8,1.6,-7.856856,6.228359,-7.894311,6.202476,2.607
26,21092031,3,727,7782,pedestrian,7786,bike,916.6,918.6,2,-7.816746,6.256198,-7.858293,6.227503,2.63
26,21092031,3,730,7743,pedestrian,7784,car,919.6,921,1.4,-5.757847,1.023667,-5.843541,0.968215,2.644
26,21092031,3,731,7745,pedestrian,7784,car,920,921.4,1.4,-5.834462,0.96485,-5.91922,0.910183,2.452
26,21092031,3,733,7747,pedestrian,7784,car,920.4,922,1.6,-5.91251,0.904829,-6.009244,0.842856,2.299
26,21092031,3,728,7756,pedestrian,7778,bike,917,922.4,5.4,-7.96361,6.154223,-8.434331,5.827517,2.573
26,21092031,3,732,7748,pedestrian,7791,bike,920,922.4,2.4,-10.125831,2.533945,-10.271123,2.744551,3.461
26,21092031,3,729,7756,pedestrian,7786,bike,918.8,924.2,5.4,-8.073537,6.077895,-8.54095,5.753483,2.572
26,21092031,3,734,7774,pedestrian,7784,car,925.2,926.8,1.6,-6.757935,0.261012,-6.830314,0.188842,0.124
26,21092031,3,735,7743,pedestrian,7789,car,931.4,932.6,1.2,-5.273641,1.393705,-5.33719,1.352919,3.933
26,21092031,3,736,7745,pedestrian,7789,car,931.8,933,1.2,-5.347056,1.337103,-5.411343,1.295697,3.714
26,21092031,3,737,7743,pedestrian,7790,car,932,933.2,1.2,-5.250441,1.411541,-5.315945,1.369406,3.987
26,21092031,3,740,7747,pedestrian,7789,car,932.4,933.6,1.2,-5.434199,1.271489,-5.495433,1.232646,3.517
26,21092031,3,741,7745,pedestrian,7790,car,932.4,933.8,1.4,-5.321354,1.356914,-5.39827,1.307047,3.785
26,21092031,3,742,7747,pedestrian,7790,car,933,934.2,1.2,-5.411564,1.289142,-5.471238,1.250696,3.568
26,21092031,3,739,7786,bike,7794,car,932.4,935.8,3.4,-9.381362,4.769898,-9.708964,4.353366,2.253
26,21092031,3,738,7778,bike,7794,car,932.2,936.2,4,-9.376982,4.73427,-9.811463,4.2903,0.462
26,21092031,3,743,7774,pedestrian,7789,car,936.6,938.2,1.6,-6.135966,0.735161,-6.216541,0.685106,1.708
26,21092031,3,744,7774,pedestrian,7790,car,937,938.6,1.6,-6.09937,0.761986,-6.189127,0.705597,1.772
26,21092031,3,745,7756,pedestrian,7791,bike,940.8,942.6,1.8,-9.427099,5.026941,-9.369587,5.093128,0.168
26,21092031,3,746,7767,pedestrian,7791,bike,951.8,953.4,1.6,-7.819092,6.254712,-7.750024,6.302532,2.62
26,21092031,3,747,7791,bike,7792,pedestrian,962,963.4,1.4,-6.551057,7.510367,-6.516824,7.568181,2.638
26,21092031,3,748,7791,bike,7797,pedestrian,968,969.6,1.6,-5.666533,8.240624,-5.597337,8.282068,2.245
