demand_factor,cell_x,cell_y,episodes_total,episodes_mean_per_run,share_of_scenario_percent
1,-3,8,117,11.7,10.803324099722992
1,-3,5,113,11.3,10.43397968605725
1,-8,6,71,7.1,6.555863342566943
1,-11,4,60,6.0,5.54016620498615
1,-10,5,60,6.0,5.54016620498615
2,-3,8,370,37.0,8.527310440193594
2,-3,5,346,34.6,7.974187600829684
2,-9,5,283,28.3,6.522240147499424
2,-11,4,272,27.2,6.268725512790966
2,-8,6,271,27.1,6.245678727817469
3,-3,8,1004,100.4,9.59296770494936
3,-3,5,897,89.7,8.570609592967704
3,-8,6,747,74.7,7.137397286451367
3,-10,5,644,64.4,6.153258169310147
3,-9,5,622,62.2,5.943053697687751
