demand_factor,seed,run_id,bike–car,bike–pedestrian,car–pedestrian,total,episodes_per_trip
1,21092032,10,0,87,42,129,0.9280575539568345
1,21092033,11,1,46,44,91,0.6546762589928058
1,21092034,12,0,57,36,93,0.6690647482014388
1,21092035,13,0,64,46,110,0.7913669064748201
1,21092026,4,0,60,56,116,0.8345323741007195
1,21092027,5,0,63,55,118,0.8489208633093526
1,21092028,6,1,86,55,142,1.0215827338129497
1,21092029,7,1,42,46,89,0.6402877697841727
1,21092030,8,0,61,32,93,0.6690647482014388
1,21092031,9,0,59,43,102,0.7338129496402878
2,21092026,1,1,253,203,457,1.643884892086331
2,21092035,10,1,207,162,370,1.330935251798561
2,21092027,2,0,190,172,362,1.3021582733812949
2,21092028,3,2,346,140,488,1.7553956834532374
2,21092029,4,1,233,170,404,1.4532374100719425
2,21092030,5,0,228,218,446,1.60431654676259
2,21092031,6,0,214,181,395,1.420863309352518
2,21092032,7,1,388,263,652,2.3453237410071943
2,21092033,8,0,241,133,374,1.3453237410071943
2,21092034,9,4,194,193,391,1.4064748201438848
3,21092027,1,1,522,461,984,2.3597122302158273
3,21092026,11,2,639,399,1040,2.4940047961630696
3,21092028,2,0,892,318,1210,2.9016786570743407
3,21092029,3,2,662,413,1077,2.58273381294964
3,21092030,4,2,560,525,1087,2.606714628297362
3,21092031,5,3,440,480,923,2.2134292565947242
3,21092032,6,1,917,587,1505,3.6091127098321345
3,21092033,7,0,517,342,859,2.0599520383693046
3,21092034,8,2,465,326,793,1.9016786570743405
3,21092035,9,3,540,445,988,2.369304556354916
