demand_factor,cell_x,cell_y,episodes_total,episodes_mean_per_run
1,-12,3,7,0.7
1,-11,-3,17,1.7
1,-11,-2,10,1.0
1,-11,3,24,2.4
1,-11,4,60,6.0
1,-10,-2,35,3.5
1,-10,2,3,0.3
1,-10,3,1,0.1
1,-10,4,17,1.7
1,-10,5,60,6.0
1,-9,-2,1,0.1
1,-9,-1,19,1.9
1,-9,1,6,0.6
1,-9,5,53,5.3
1,-9,6,21,2.1
1,-8,-1,17,1.7
1,-8,0,3,0.3
1,-8,6,71,7.1
1,-7,6,6,0.6
1,-7,7,50,5.0
1,-7,8,3,0.3
1,-6,-2,42,4.2
1,-6,-1,10,1.0
1,-6,8,41,4.1
1,-5,-2,2,0.2
1,-5,6,35,3.5
1,-5,8,6,0.6
1,-5,9,35,3.5
1,-4,1,42,4.2
1,-4,6,36,3.6
1,-4,8,24,2.4
1,-4,9,15,1.5
1,-3,1,4,0.4
1,-3,2,33,3.3
1,-3,5,113,11.3
1,-3,6,1,0.1
1,-3,7,2,0.2
1,-3,8,117,11.7
1,-2,2,20,2.0
1,-2,3,18,1.8
1,-1,3,3,0.3
2,-12,3,11,1.1
2,-11,-3,63,6.3
2,-11,-2,41,4.1
2,-11,3,104,10.4
2,-11,4,272,27.2
2,-10,-2,127,12.7
2,-10,-1,2,0.2
2,-10,2,7,0.7
2,-10,3,10,1.0
2,-10,4,73,7.3
2,-10,5,223,22.3
2,-9,-2,7,0.7
2,-9,-1,91,9.1
2,-9,0,4,0.4
2,-9,1,5,0.5
2,-9,2,1,0.1
2,-9,5,283,28.3
2,-9,6,106,10.6
2,-8,-1,50,5.0
2,-8,0,53,5.3
2,-8,6,271,27.1
2,-7,6,28,2.8
2,-7,7,163,16.3
2,-7,8,12,1.2
2,-6,-2,208,20.8
2,-6,-1,50,5.0
2,-6,8,195,19.5
2,-5,-2,3,0.3
2,-5,6,115,11.5
2,-5,8,31,3.1
2,-5,9,101,10.1
2,-4,1,185,18.5
2,-4,6,138,13.8
2,-4,8,107,10.7
2,-4,9,75,7.5
2,-3,1,6,0.6
2,-3,2,172,17.2
2,-3,5,346,34.6
2,-3,6,8,0.8
2,-3,7,10,1.0
2,-3,8,370,37.0
2,-2,2,102,10.2
2,-2,3,82,8.2
2,-2,7,10,1.0
2,-2,8,1,0.1
2,-1,3,17,1.7
3,-12,3,34,3.4
3,-11,-3,171,17.1
3,-11,-2,95,9.5
3,-11,3,210,21.0
3,-11,4,574,57.4
3,-10,-2,327,32.7
3,-10,-1,5,0.5
3,-10,2,18,1.8
3,-10,3,14,1.4
3,-10,4,163,16.3
3,-10,5,644,64.4
3,-9,-2,21,2.1
3,-9,-1,192,19.2
3,-9,0,10,1.0
3,-9,1,17,1.7
3,-9,5,622,62.2
3,-9,6,247,24.7
3,-8,-1,94,9.4
3,-8,0,111,11.1
3,-8,6,747,74.7
3,-7,6,61,6.1
3,-7,7,477,47.7
3,-7,8,34,3.4
3,-6,-2,399,39.9
3,-6,-1,129,12.9
3,-6,8,454,45.4
3,-5,-2,4,0.4
3,-5,6,272,27.2
3,-5,8,77,7.7
3,-5,9,361,36.1
3,-4,1,426,42.6
3,-4,6,348,34.8
3,-4,8,183,18.3
3,-4,9,114,11.4
3,-3,1,22,2.2
3,-3,2,393,39.3
3,-3,5,897,89.7
3,-3,6,18,1.8
3,-3,7,31,3.1
3,-3,8,1004,100.4
3,-2,2,195,19.5
3,-2,3,181,18.1
3,-2,7,18,1.8
3,-2,8,2,0.2
3,-1,3,50,5.0
