,,trajectory_duration_min,trajectory_duration_min,trajectory_duration_min,trajectory_duration_min,trajectory_duration_min,average_speed_kmh,average_speed_kmh,average_speed_kmh,average_speed_kmh,average_speed_kmh,trajectory_distance_km,trajectory_distance_km,trajectory_distance_km,trajectory_distance_km,trajectory_distance_km,congestion_duration_min,congestion_duration_min,congestion_duration_min,congestion_duration_min,congestion_duration_min,copresence_car_percentage,copresence_car_percentage,copresence_car_percentage,copresence_car_percentage,copresence_car_percentage,copresence_bike_percentage,copresence_bike_percentage,copresence_bike_percentage,copresence_bike_percentage,copresence_bike_percentage,copresence_pedestrian_percentage,copresence_pedestrian_percentage,copresence_pedestrian_percentage,copresence_pedestrian_percentage,copresence_pedestrian_percentage
,,mean,std,median,min,max,mean,std,median,min,max,mean,std,median,min,max,mean,std,median,min,max,mean,std,median,min,max,mean,std,median,min,max,mean,std,median,min,max
demand_factor,mode,,,,,,,,,,,,,,,,,,,,,,,,,,,,,,,,,,,
1,all,3.3613333316546763,0.1350606052539995,3.3701318956834534,3.1770024172661873,3.645659438848921,8.803095770503598,0.17998646560491874,8.776254230215827,8.566419294964028,9.13253543884892,0.35308340647482017,0.013223851389627386,0.35496729136690647,0.33089215107913666,0.3694926978417266,0.0631558762589928,0.02224026761455725,0.060263791366906475,0.025227827338129494,0.10268584892086331,0.1255494990291262,0.023400549974510094,0.1307763349514563,0.08643878640776699,0.15424714563106795,0.4794150196721311,0.1642761494883814,0.43042995901639347,0.28032290163934426,0.7383204262295082,0.874934837735849,0.2611962985431115,0.8190944716981132,0.4937278113207548,1.3756014339622642
1,bike,1.4851176176470589,0.0486536615047967,1.4867646764705884,1.4133332352941177,1.553529294117647,10.452333511764706,0.2578664700262166,10.454135999999998,10.139640705882353,10.857085647058824,0.2550531588235294,0.00681605277044652,0.2538523529411765,0.241845,0.2658601176470588,0.033725505882352944,0.016629083448469986,0.03509802941176471,0.012352941176470589,0.05843141176470588,0.013208158823529412,0.025279826260785683,0.0,0.0,0.07481529411764706,0.0,0.0,0.0,0.0,0.0,2.4880308411764704,0.7670337022730586,2.343794588235294,1.277999411764706,3.916406764705882
1,car,1.4146111194444444,0.1504184940749607,1.4447221944444444,1.1835185833333333,1.6745371111111111,17.681566541666665,0.5263379260831005,17.621112375,16.90278877777778,18.595473722222224,0.40871810000000003,0.04336972418496381,0.42603122222222223,0.3600296388888889,0.4865568888888889,0.005462961111111111,0.0035818408010462694,0.006342597222222222,0.00046297222222222226,0.010185166666666667,0.0,0.0,0.0,0.0,0.0,0.0019210083333333337,0.006074761737497292,0.0,0.0,0.019210083333333336,0.11319505833333332,0.05024684861224984,0.10791302777777778,0.047473249999999995,0.21378799999999998
1,pedestrian,4.547120154651163,0.21627083293273128,4.514573656976744,4.30635661627907,5.0396511046511625,4.7605144988372095,0.08852412505914237,4.7402754593023255,4.645395825581396,4.95323965116279,0.3491725372093023,0.014176850434100979,0.34369215697674416,0.331048034883721,0.3803084651162791,0.09312403023255814,0.03621417468206609,0.08945736046511628,0.02767443023255814,0.15612402325581395,0.1477565081395349,0.027264025319500226,0.15255931976744186,0.10352552325581396,0.18473786046511628,0.6792962337209303,0.23206547014959406,0.6106099418604651,0.3976673720930232,1.0473847906976743,0.0,0.0,0.0,0.0,0.0
2,all,3.4026079093525183,0.24218204948032862,3.3146162967625896,3.239088737410072,4.045251816546763,8.688501086690646,0.13874474820862515,8.729794974820145,8.38047519064748,8.843087334532374,0.35135652338129497,0.019125912865696766,0.34583569604316544,0.33634387050359715,0.4016598165467626,0.09857673561151079,0.032054310509839735,0.09391486330935253,0.06745803237410072,0.17881295683453238,0.23096260291262136,0.04090171986312371,0.2243513009708738,0.1689048640776699,0.30997255825242714,0.8989804180327869,0.10624371988415954,0.8536857704918033,0.8044310368852459,1.091441618852459,1.658585746226415,0.47471838390213406,1.546830995283019,1.016337641509434,2.6770289150943394
2,bike,1.5414215588235294,0.036222496956294335,1.5443627647058824,1.4627450588235293,1.5930392647058822,9.945405658823528,0.2813499016080617,9.815560838235294,9.671936470588236,10.495950529411765,0.2508505676470588,0.008607742179831951,0.2478487794117647,0.24184482352941175,0.2718638529411765,0.06320588235294118,0.024083143526724176,0.05495098529411765,0.03852941176470588,0.1187255588235294,0.01657299411764706,0.02600387721604543,0.004866411764705882,0.0,0.08126035294117648,0.0,0.0,0.0,0.0,0.0,4.750275185294117,1.4194935916293703,4.283309220588235,2.973855588235294,7.8253202058823526
2,car,1.4201851722222223,0.18110627533161006,1.4544675486111112,1.2116203333333333,1.8321296388888888,17.71100568055555,0.3328795083434762,17.808474256944443,17.084893388888887,18.262298902777776,0.40924955416666664,0.04430336891097113,0.4241836736111111,0.3612297222222222,0.5011311805555556,0.015148151388888888,0.007988911910039038,0.013680541666666667,0.005648125,0.03393519444444445,0.0,0.0,0.0,0.0,0.0,0.0013762277777777778,0.0034819311010100516,0.0,0.0,0.010964916666666666,0.19862128888888889,0.05193551315915413,0.20645709722222222,0.09195416666666667,0.26812525
2,pedestrian,4.6003682174418605,0.3506588908307053,4.4540794447674426,4.294941848837209,5.463875988372092,4.663180818023256,0.08805551418428975,4.681257459302326,4.481476389534884,4.778821726744186,0.34698968779069767,0.02161027185823062,0.3411825203488372,0.3250049011627907,0.3916119476744186,0.1404922418604651,0.04662376577156647,0.13255812790697674,0.09581395930232559,0.2513372034883721,0.2733419441860465,0.046653378178908064,0.26559556976744186,0.2022930348837209,0.36475016860465115,1.2747217069767443,0.15073051523659428,1.208747622093023,1.1411696104651163,1.5483241569767443,0.0,0.0,0.0,0.0,0.0
3,all,3.5055011877697844,0.18858126023119826,3.5030615299760193,3.1904716163069544,3.8781774556354915,8.498074670983213,0.1120579245626138,8.4837325,8.375532326139089,8.761702287769785,0.352128260911271,0.016416963716210316,0.3514267517985612,0.3325762517985611,0.3916137817745803,0.149238209352518,0.028457426607095607,0.15559952158273382,0.09052758273381295,0.1865467458033573,0.351420045631068,0.04882520994902039,0.35480616666666664,0.2715635922330097,0.4228680776699029,1.3089072311475412,0.22287931921593457,1.2387814439890712,0.9838826229508197,1.6399442677595628,2.4975184396226413,0.5536844291155004,2.3545746069182387,1.7665939056603774,3.5077789874213834
3,bike,1.603771237254902,0.05229617769474808,1.614346431372549,1.4949019607843137,1.6817647058823528,9.563001433333334,0.32754642555334584,9.521950843137255,9.166267901960785,10.122374490196078,0.2506503666666667,0.007009181308474402,0.24984989215686276,0.24184462745098037,0.261857431372549,0.10171242156862745,0.025162192458076865,0.10019604901960785,0.047516333333333334,0.13333327450980392,0.01317667843137255,0.012642508291287416,0.009207343137254902,0.0,0.031066392156862747,0.0,0.0,0.0,0.0,0.0,7.079679841176469,1.7894103299577153,6.652139166666666,4.79992143137255,10.241665509803921
3,car,1.4359259037037038,0.1445841528119324,1.4705092453703705,1.249907388888889,1.7240123518518518,17.45066762222222,0.21661560813797176,17.462149069444443,17.158971435185183,17.939555,0.40895436759259257,0.04089937002996414,0.4179021851851852,0.3639074074074074,0.4957177407407407,0.017858026851851852,0.005087371911062374,0.01776234722222222,0.010432120370370371,0.023858027777777777,0.0,0.0,0.0,0.0,0.0,0.004169299074074075,0.005892553943689566,0.0,0.0,0.013419212962962964,0.33372,0.047167345419986455,0.34046273148148154,0.222788712962963,0.39150060185185187
3,pedestrian,4.74775838992248,0.26546244970264343,4.715516794573643,4.315155031007752,5.221266143410853,4.539968843023256,0.10619969911909634,4.5415382189922475,4.369591682170543,4.709313604651163,0.34840017209302326,0.013612395133043196,0.3457991395348837,0.3321492093023256,0.3760584767441861,0.2136291972868217,0.04556451220217664,0.2216278953488372,0.1249095503875969,0.28521962403100776,0.4182821065891472,0.05800005359329124,0.4211047674418605,0.3252447674418605,0.5059638953488371,1.8550765980620156,0.3167824805603462,1.7573411182170544,1.391223019379845,2.326432565891473,0.0,0.0,0.0,0.0,0.0
