demand_factor,seed,run_id,mode,trajectory_duration_min,average_speed_kmh,trajectory_distance_km,congestion_duration_min,copresence_car_percentage,copresence_bike_percentage,copresence_pedestrian_percentage
1,21092026,4,bike,1.4562744705882353,10.251193352941176,0.241845,0.05509805882352942,0.0,0.0,2.1586071176470587
1,21092026,4,car,1.2599074166666666,17.6033945,0.3600296388888889,0.00824075,0.0,0.0,0.09103097222222223
1,21092026,4,pedestrian,4.722790720930233,4.669201267441861,0.355289011627907,0.13290696511627906,0.18473786046511628,1.0473847906976743,0.0
1,21092027,5,bike,1.4715685882352942,10.498656647058823,0.2538525882352941,0.037647058823529415,0.0,0.0,2.467699176470588
1,21092027,5,car,1.4575925833333332,18.016341611111113,0.43371683333333333,0.0009259166666666667,0.0,0.0,0.21378799999999998
1,21092027,5,pedestrian,4.655310081395349,4.746515081395349,0.3611568604651163,0.0784108488372093,0.16967029069767442,0.6536138255813954,0.0
1,21092028,6,bike,1.5019607647058824,10.174846823529412,0.25385241176470585,0.03411764705882353,0.07481529411764706,0.0,3.916406764705882
1,21092028,6,car,1.327870388888889,17.173773472222223,0.3692829166666667,0.007407416666666666,0.0,0.019210083333333336,0.17577669444444444
1,21092028,6,pedestrian,5.0396511046511625,4.645395825581396,0.3803084651162791,0.15612402325581395,0.15605103488372093,0.9300812209302326,0.0
1,21092029,7,bike,1.4609804117647058,10.600859294117647,0.2538522941176471,0.012352941176470589,0.040015999999999996,0.0,1.277999411764706
1,21092029,7,car,1.4614814722222222,17.638830249999998,0.4259537222222222,0.0015740555555555558,0.0,0.0,0.12337733333333332
1,21092029,7,pedestrian,4.30635661627907,4.826074197674418,0.3380510581395349,0.08895349999999999,0.1414521627906977,0.3976673720930232,0.0
1,21092030,8,bike,1.5162744705882352,10.139640705882353,0.2538520588235294,0.04764711764705882,0.0,0.0,2.3392597058823528
1,21092030,8,car,1.529166638888889,17.364143388888888,0.43460680555555553,0.008796277777777778,0.0,0.0,0.0861695
1,21092030,8,pedestrian,4.510426348837209,4.787288406976744,0.35501458139534886,0.02767443023255814,0.10352552325581396,0.5144018720930232,0.0
1,21092031,9,bike,1.419215705882353,10.827369705882353,0.2538525882352941,0.016666705882352945,0.0,0.0,2.3483294705882356
1,21092031,9,car,1.539907388888889,16.90278877777778,0.42610872222222224,0.010185166666666667,0.0,0.0,0.1120248888888889
1,21092031,9,pedestrian,4.518720965116279,4.714549162790698,0.3440360813953488,0.08949612790697674,0.1763139534883721,0.5456662790697674,0.0
1,21092032,10,bike,1.4133332352941177,10.857085647058824,0.25385229411764704,0.014117647058823528,0.0,0.0,3.339790529411765
1,21092032,10,car,1.6745371111111111,17.82725913888889,0.4865568888888889,0.005277777777777778,0.0,0.0,0.10380116666666667
1,21092032,10,pedestrian,4.532868209302325,4.734035837209302,0.3433482325581395,0.1173255930232558,0.16077739534883723,0.47326363953488376,0.0
1,21092033,11,bike,1.5435294705882352,10.409615352941175,0.2658601176470588,0.025098058823529414,0.017250294117647058,0.0,1.7002553529411766
1,21092033,11,car,1.2802778055555555,17.34828741666667,0.36122933333333335,0.0037037222222222224,0.0,0.0,0.05919841666666666
1,21092033,11,pedestrian,4.39453484883721,4.7211798255813955,0.331048034883721,0.09124030232558139,0.14906760465116278,1.004764441860465,0.0
1,21092034,12,bike,1.5145097647058825,10.235691882352942,0.25385223529411766,0.05843141176470588,0.0,0.0,3.0055631764705883
1,21092034,12,car,1.1835185833333333,18.595473722222224,0.3601405833333333,0.00046297222222222226,0.0,0.0,0.11931036111111111
1,21092034,12,pedestrian,4.340116290697674,4.95323965116279,0.3409756511627907,0.059689918604651164,0.11501262790697674,0.5676060581395349,0.0
1,21092035,13,bike,1.553529294117647,10.528375705882352,0.26586,0.03607841176470589,0.0,0.0,2.326397705882353
1,21092035,13,car,1.4318518055555556,18.34537313888889,0.4295555555555556,0.008055555555555557,0.0,0.0,0.047473249999999995
1,21092035,13,pedestrian,4.450426360465117,4.80766573255814,0.3424973953488372,0.08941859302325582,0.12095662790697674,0.6585128372093023,0.0
2,21092026,1,bike,1.5930392647058822,9.807154264705883,0.2538521764705882,0.08343129411764705,0.0031456470588235295,0.0,4.314093382352941
2,21092026,1,car,1.3124999444444443,17.269438833333332,0.37181869444444443,0.017037041666666666,0.0,0.0,0.26812525
2,21092026,1,pedestrian,4.581007761627907,4.618059081395349,0.3401320581395349,0.13174417441860467,0.3011568546511628,1.1809330755813954,0.0
2,21092027,2,bike,1.5195098235294118,9.823967411764706,0.24184482352941175,0.04852938235294118,0.0,0.0,3.516758117647059
2,21092027,2,car,1.4582870277777777,17.772282388888886,0.4230607083333333,0.019537069444444444,0.0,0.0,0.18502034722222221
2,21092027,2,pedestrian,4.417887558139535,4.701717220930233,0.3341003430232558,0.11052323837209302,0.24227286046511629,1.1411696104651163,0.0
2,21092028,3,bike,1.4627450588235293,10.323512794117647,0.24784879411764707,0.04098038235294117,0.03140764705882353,0.0,5.8538224411764705
2,21092028,3,car,1.2407407361111111,17.86603045833333,0.36241040277777775,0.010092597222222222,0.0,0.0,0.21599997222222223
2,21092028,3,pedestrian,4.942112447674419,4.68642775,0.3803908139534884,0.17441858720930234,0.24836856395348839,1.1916864593023255,0.0
2,21092029,4,bike,1.5749019705882352,10.495950529411765,0.2718638529411765,0.05058823529411765,0.010466823529411765,0.0,4.144520882352942
2,21092029,4,car,1.5026389444444446,17.582676319444445,0.43044554166666665,0.012175888888888889,0.0,0.0,0.14838680555555556
2,21092029,4,pedestrian,4.294941848837209,4.676087168604652,0.3250049011627907,0.13337208139534884,0.23971412209302326,1.4532285523255815,0.0
2,21092030,5,bike,1.5654900882352942,9.697198470588235,0.24784876470588232,0.07186276470588236,0.0,0.0,5.470844147058823
2,21092030,5,car,1.4681481666666665,17.708359930555556,0.42575143055555553,0.018148166666666667,0.0,0.0,0.17398754166666666
2,21092030,5,pedestrian,4.419748052325581,4.778821726744186,0.3445017965116279,0.0962984476744186,0.2999840872093023,1.1426409186046511,0.0
2,21092031,6,bike,1.5520587647058823,9.718144382352941,0.24784870588235297,0.06950982352941176,0.0,0.0,4.2525250588235295
2,21092031,6,car,1.4627778055555556,17.861384055555554,0.42530663888888887,0.011990736111111112,0.0,0.0,0.2410850833333333
2,21092031,6,pedestrian,4.451782936046512,4.564219337209302,0.33010175,0.1363565988372093,0.28282257558139534,1.5483241569767443,0.0
2,21092032,7,bike,1.5552941470588235,9.671936470588236,0.2418449705882353,0.1187255588235294,0.03286229411764706,0.0,7.8253202058823526
2,21092032,7,car,1.8321296388888888,17.084893388888887,0.5011311805555556,0.03393519444444445,0.0,0.002797361111111111,0.2458913611111111
2,21092032,7,pedestrian,5.463875988372092,4.481476389534884,0.3916119476744186,0.2513372034883721,0.36475016860465115,1.4435942848837209,0.0
2,21092033,8,bike,1.522549,10.048605970588236,0.2538524411764706,0.055,0.0,0.0,5.411703647058824
2,21092033,8,car,1.2116203333333333,18.262298902777776,0.3612297222222222,0.007731499999999999,0.0,0.0,0.21884813888888888
2,21092033,8,pedestrian,4.578972860465116,4.661861366279069,0.3422329825581395,0.16116279069767442,0.2022930348837209,1.271036238372093,0.0
2,21092034,9,bike,1.531960705882353,10.063281852941177,0.25385250000000004,0.054901970588235295,0.08126035294117648,0.0,3.739308382352941
2,21092034,9,car,1.2623610555555556,17.844666125,0.36581220833333333,0.005648125,0.0,0.010964916666666666,0.1969142222222222
2,21092034,9,pedestrian,4.456375953488372,4.734535744186046,0.3433412093023256,0.09581395930232559,0.30667045930232556,1.225808784883721,0.0
2,21092035,10,bike,1.5366667647058825,9.804304441176471,0.24784864705882353,0.03852941176470588,0.006587176470588235,0.0,2.973855588235294
2,21092035,10,car,1.4506480694444446,17.858026402777778,0.4255290138888889,0.015185194444444446,0.0,0.0,0.09195416666666667
2,21092035,10,pedestrian,4.39697676744186,4.728602395348838,0.33847907558139534,0.11389533720930234,0.24538671511627907,1.148794988372093,0.0
3,21092026,11,bike,1.6817647058823528,9.246718647058824,0.24984990196078433,0.12470594117647059,0.029563882352941176,0.0,7.482313705882353
3,21092026,11,car,1.2770678703703704,17.501779046296296,0.3639074074074074,0.010864175925925925,0.0,0.004440888888888889,0.32523674999999996
3,21092026,11,pedestrian,4.471472848837209,4.683170930232558,0.3381377480620155,0.1601679496124031,0.41342886821705427,2.0593468643410855,0.0
3,21092027,1,bike,1.6251633725490195,9.166267901960785,0.24184470588235293,0.13333327450980392,0.0023882941176470588,0.0,6.021494176470588
3,21092027,1,car,1.4861727962962963,17.33326575925926,0.4214194351851852,0.021820981481481483,0.0,0.0,0.39150060185185187
3,21092027,1,pedestrian,4.617054251937985,4.561666104651163,0.33729064728682173,0.22726098837209302,0.435489507751938,1.7144656744186049,0.0
3,21092028,2,bike,1.6183660392156864,9.554515666666667,0.2538525882352941,0.1009803725490196,0.0,0.0,10.14121837254902
3,21092028,2,car,1.3095679166666667,17.40624625925926,0.37270874074074073,0.01456789814814815,0.0,0.0,0.222788712962963
3,21092028,2,pedestrian,5.089987058139535,4.410261678294574,0.3667902674418605,0.24757106201550388,0.3252447674418605,2.2912277635658915,0.0
3,21092029,3,bike,1.5885621176470588,9.972506215686275,0.261857431372549,0.08941178431372548,0.007760098039215686,0.0,6.604886784313726
3,21092029,3,car,1.5257715833333334,17.192598361111113,0.42720594444444443,0.015216046296296295,0.0,0.0,0.34905906481481486
3,21092029,3,pedestrian,4.710387585271318,4.491288713178295,0.34429053488372097,0.19007752325581398,0.41783533333333334,1.6138960968992249,0.0
3,21092030,4,bike,1.6305228235294118,9.418371960784313,0.24984998039215683,0.11908496078431373,0.02563790196078431,0.0,6.909070509803922
3,21092030,4,car,1.4810185,17.475135638888887,0.42552908333333334,0.01904324074074074,0.0,0.013041212962962963,0.357243712962963
3,21092030,4,pedestrian,4.718837197674418,4.587714565891473,0.3473077441860465,0.22537466666666667,0.491253507751938,2.0877803062015508,0.0
3,21092031,5,bike,1.5471241568627452,9.627415901960784,0.24184462745098037,0.093268,0.031066392156862747,0.0,6.015134137254901
3,21092031,5,car,1.4599999907407408,17.49679559259259,0.4143849351851852,0.023364222222222224,0.0,0.010791675925925925,0.3467362222222223
3,21092031,5,pedestrian,4.712196391472868,4.538288821705426,0.34174940697674416,0.21788112403100776,0.42437420155038763,1.391223019379845,0.0
3,21092032,6,bike,1.6454901960784314,9.205888823529412,0.24984988235294117,0.12320262745098039,0.0025009999999999998,0.0,10.241665509803921
3,21092032,6,car,1.7240123518518518,17.55316662962963,0.4957177407407407,0.022932101851851853,0.0,0.0,0.32788812962962965
3,21092032,6,pedestrian,5.221266143410853,4.369591682170543,0.3760584767441861,0.24145996124031008,0.5059638953488371,2.326432565891473,0.0
3,21092033,7,bike,1.6103268235294117,9.826568705882353,0.26185723529411764,0.08620919607843137,0.0,0.0,6.699391549019608
3,21092033,7,car,1.249907388888889,17.939555,0.36699149999999997,0.010432120370370371,0.0,0.0,0.3012791759259259
3,21092033,7,pedestrian,4.315155031007752,4.709313604651163,0.3321492093023256,0.1249095503875969,0.36263165116279067,1.800216562015504,0.0
3,21092034,8,bike,1.5954901764705884,9.489386019607844,0.2458475098039216,0.09941172549019608,0.022194627450980393,0.0,5.881702235294117
3,21092034,8,car,1.3340123055555555,17.158971435185183,0.37346543518518516,0.023858027777777777,0.0,0.013419212962962964,0.3812783888888889
3,21092034,8,pedestrian,4.788927631782946,4.544787616279069,0.3514323798449613,0.21636952325581396,0.35480066666666665,1.6227927325581395,0.0
3,21092035,9,bike,1.4949019607843137,10.122374490196078,0.24984980392156864,0.047516333333333334,0.010654588235294117,0.0,4.79992143137255
3,21092035,9,car,1.5117283333333333,17.4491625,0.42821345370370373,0.016481453703703703,0.0,0.0,0.33418924074074075
3,21092035,9,pedestrian,4.832299759689922,4.503604713178294,0.34879530620155036,0.28521962403100776,0.4517986666666666,1.6433843953488372,0.0
1,21092026,4,all,3.426426870503597,8.701753942446043,0.34264235251798564,0.09110311510791366,0.15424714563106795,0.7383204262295082,0.7542157735849057
1,21092027,5,all,3.437745798561151,8.88680401438849,0.3668258273381295,0.053357309352517986,0.14166645631067962,0.46074417213114754,0.9367406415094339
1,21092028,6,all,3.645659438848921,8.566419294964028,0.36198707913669065,0.10268584892086331,0.1426431941747573,0.6612995737704919,1.3756014339622642
1,21092029,7,all,3.2215587697841728,8.850754517985612,0.35051952517985613,0.05695443884892087,0.12471027184466019,0.28032290163934426,0.4937278113207548
1,21092030,8,all,3.3721102949640285,8.699207604316546,0.363256,0.025227827338129494,0.08643878640776699,0.3626111557377049,0.8088588113207548
1,21092031,9,all,3.368153496402878,8.618826683453237,0.3542626690647482,0.060047964028776976,0.1472135922330097,0.38464999999999994,0.8293301320754717
1,21092032,10,all,3.4110551582733812,8.873948683453238,0.3694926978417266,0.07568346043165466,0.13424132038834952,0.33361207377049185,1.1417600188679244
1,21092033,11,all,3.2392805683453236,8.687217791366907,0.33089215107913666,0.06047961870503597,0.1273113495145631,0.7082765737704918,0.5855751698113207
1,21092034,12,all,3.1770024172661873,9.13253543884892,0.3352838489208633,0.04419664748201439,0.09602996116504854,0.40011574590163934,1.045089566037736
1,21092035,13,all,3.3143405035971223,9.01348973381295,0.35567191366906475,0.06182253237410072,0.10099291262135922,0.4641975737704918,0.7784490188679245
2,21092026,1,all,3.3690527553956837,8.529312960431655,0.3377864532374101,0.09612708273381294,0.25197053883495146,0.8324610204918033,1.5658886132075471
2,21092027,2,all,3.2968944604316546,8.713361820143884,0.3458573884892086,0.0793764928057554,0.20228607766990292,0.8044310368852459,1.2536909528301887
2,21092028,3,all,3.5579496618705035,8.78927770143885,0.35952384172661866,0.11553955755395683,0.21255948058252427,0.8400412745901639,2.0243581226415097
2,21092029,4,all,3.239088737410072,8.730582755395684,0.3458140035971223,0.0918584964028777,0.20187718932038834,1.024407012295082,1.4301656603773583
2,21092030,5,all,3.3062230071942444,8.729007194244604,0.3537239928057554,0.07306955035971223,0.25047215048543686,0.8054681885245901,1.872979283018868
2,21092031,6,all,3.3230095863309352,8.638425492805755,0.34469940647482017,0.09597123021582735,0.2361431213592233,1.091441618852459,1.5277733773584907
2,21092032,7,all,4.045251816546763,8.38047519064748,0.4016598165467626,0.17881295683453238,0.30997255825242714,1.018441094262295,2.6770289150943394
2,21092033,8,all,3.33304554676259,8.843087334532374,0.33634387050359715,0.10844125179856116,0.1689048640776699,0.8959763647540984,1.884481037735849
2,21092034,9,all,3.2714867769784175,8.781682345323741,0.3382163741007194,0.06745803237410072,0.2694668495145631,0.8673302663934426,1.3331538584905662
2,21092035,10,all,3.2840767446043166,8.749798071942445,0.34994008633093526,0.07911270503597122,0.2059731990291262,0.8098063032786885,1.016337641509434
3,21092026,11,all,3.302957613908873,8.561229947242207,0.3340141103117506,0.11716226618705036,0.35007251132686085,1.4529811666666668,2.6209029433962265
3,21092027,1,all,3.4402637673860914,8.432571270983214,0.34740615347721826,0.16256594244604317,0.3640067831715211,1.2085577704918034,2.197347597484277
3,21092028,2,all,3.686298954436451,8.405281553956835,0.35451058752997605,0.16929656115107913,0.2715635922330097,1.6151277677595628,3.404171811320755
3,21092029,3,all,3.503788959232614,8.45120126618705,0.3556832829736211,0.1324780215827338,0.35015301294498385,1.137664461748634,2.355645314465409
3,21092030,4,all,3.5025579352517986,8.51626373381295,0.3556472134292566,0.15893685131894486,0.4144043300970874,1.4755622131147543,2.4587730628930817
3,21092031,5,all,3.4828057553956833,8.516860074340528,0.3483429160671463,0.1522621918465228,0.3594593203883495,0.9838826229508197,2.1649015911949685
3,21092032,6,all,3.8781774556354915,8.375532326139089,0.3916137817745803,0.170399690647482,0.4228680776699029,1.6399442677595628,3.5077789874213834
3,21092033,7,all,3.1904716163069544,8.761702287769785,0.3325762517985611,0.09052758273381295,0.30277982524271846,1.2690051174863388,2.353503899371069
3,21092034,8,all,3.5035651247002395,8.416505532374101,0.3442255251798561,0.15220623980815348,0.29990452427184466,1.1478956284153006,2.145565283018868
3,21092035,9,all,3.564124695443645,8.543598717026379,0.3572627865707434,0.1865467458033573,0.3789884789644013,1.1584512950819672,1.7665939056603774
