run_id,seed,demand_factor,mode,origin_zone,destination_zone,flow_slot,scheduled_spawn_time_s,arrival_time_s,trajectory_duration_min,average_speed_kmh,trajectory_distance_km,congestion_duration_min,low_speed_duration_min,intermediate_speed_duration_min,high_speed_duration_min,copresence_car_percentage,copresence_bike_percentage,copresence_pedestrian_percentage
14,21092029,2,car,7.3,7.1,38,2.685,62,0.986667,16.646988,0.27375,0,0,0.986667,0,0,0,0
14,21092029,2,bike,7.6,7.1,38,3.35,70.6,1.12,11.893223,0.222007,0.016667,0.47,0.003333,0.63,0,0,3.27381
14,21092029,2,car,7.3,7.1,38,18.016,73.6,0.923333,17.78884,0.27375,0,0,0.923333,0,0,0,0
14,21092029,2,pedestrian,7.6,7.5,38,15.069,93.6,1.306667,5.029263,0.109526,0,0,0,1.306667,0,0,0
14,21092029,2,bike,7.6,7.1,38,26.198,97.4,1.186667,11.225065,0.222007,0,0.506667,0,0.68,0,0,0
14,21092029,2,car,7.3,7.1,38,37.961,101.2,1.053333,15.593044,0.273745,0,0,1.053333,0,0,0,0
14,21092029,2,car,7.1,7.3,38,20.664,108,1.453333,14.877958,0.360377,0,1.453333,0,0,0,0,0
14,21092029,2,car,7.1,7.3,38,25.016,108.4,1.386667,15.593232,0.360377,0.2,0.386667,0.8,0,0,0,0
14,21092029,2,car,7.1,7.3,38,24.02,109.2,1.416667,15.26304,0.360377,0.183333,0.3,0.933333,0,0,0,0
14,21092029,2,car,7.3,7.1,38,68.102,112.6,0.74,22.195985,0.27375,0,0,0.74,0,0,0,0
14,21092029,2,car,7.1,7.3,38,45.132,131.8,1.443333,14.981044,0.360377,0,1.443333,0,0,0,0,0
14,21092029,2,car,7.1,7.3,38,53.594,132.4,1.313333,16.463939,0.360377,0.06,0.24,1.013333,0,0,0,0
14,21092029,2,car,7.5,7.3,38,19.929,132.8,1.88,18.187314,0.569869,0.056667,0.133333,1.69,0,0,0,0
14,21092029,2,pedestrian,7.6,7.5,38,30.918,138.6,1.793333,3.664445,0.109526,0,0,1.793333,0,0,0,0
14,21092029,2,pedestrian,7.6,7.5,38,37.876,140.4,1.706667,3.85053,0.109526,0.183333,0.003333,0.623333,0.896667,0,0,0
14,21092029,2,pedestrian,7.6,7.5,38,51.81,142.4,1.506667,4.361662,0.109526,0.163333,0.006667,0.003333,1.333333,0,0,0
14,21092029,2,pedestrian,7.6,7.5,38,58.21,144,1.426667,4.606241,0.109526,0.243333,0.006667,0.003333,1.173333,0,0,0
14,21092029,2,car,7.3,7.1,38,103.278,157.4,0.9,18.24986,0.273748,0,0,0.9,0,0,0,0
14,21092029,2,car,7.1,7.3,38,72.25,160.2,1.463333,14.776292,0.360377,0,1.463333,0,0,0,0,0
14,21092029,2,car,7.1,7.3,38,81.205,160.6,1.32,16.380788,0.360377,0.043333,0.263333,1.013333,0,0,0,0
14,21092029,2,car,7.1,7.6,38,99.753,169,1.153333,19.581313,0.376396,0,0,1.153333,0,0,0,0
14,21092029,2,car,7.3,7.1,38,118.579,173.2,0.91,18.049482,0.27375,0,0,0.91,0,0,0,0
14,21092029,2,car,7.3,7.1,38,132.17,185.2,0.883333,18.594372,0.27375,0,0,0.883333,0,0,0,0
14,21092029,2,car,7.1,7.3,38,112.406,185.6,1.216667,17.772033,0.360377,0,0,1.216667,0,0,0,0
14,21092029,2,car,7.1,7.3,38,115.383,196,1.343333,16.096258,0.360377,0,0,1.343333,0,0,0,0
14,21092029,2,bike,7.6,7.1,38,115.907,209,1.55,8.593813,0.222007,0,0.663333,0.886667,0,0,0,1.72043
14,21092029,2,pedestrian,7.6,7.5,38,114.276,210,1.593333,4.124417,0.109526,0,0,0,1.593333,0,0,0
14,21092029,2,pedestrian,7.6,7.5,38,118.008,212.2,1.566667,4.194619,0.109526,0.05,0.003333,0.006667,1.506667,0,0,0
14,21092029,2,bike,7.6,7.1,38,149.97,213,1.05,12.686096,0.222007,0,0.446667,0.003333,0.6,0,0,0
14,21092029,2,pedestrian,7.6,7.5,38,127.843,214.2,1.436667,4.574179,0.109526,0.03,0,0.006667,1.4,0,0,0
14,21092029,2,car,7.1,7.3,38,143.239,221,1.293333,16.718518,0.360377,0,0,1.293333,0,0,0,0
14,21092029,2,pedestrian,7.5,7.6,38,138.976,225.4,1.44,4.563591,0.109526,0.366667,0.003333,0.003333,1.066667,0,0,0
14,21092029,2,pedestrian,7.6,7.4,38,62.456,229,2.773333,4.380596,0.202481,0,0,0,2.773333,0,0,0
14,21092029,2,pedestrian,7.6,7.5,38,138.485,229.2,1.51,4.352034,0.109526,0,0,0,1.51,0,0,0
14,21092029,2,bike,7.1,7.6,38,141.214,232,1.51,8.821461,0.222007,0,0.646667,0.863333,0,0,0,0
14,21092029,2,car,7.5,7.3,38,120.266,234.8,1.906667,17.932971,0.56987,0,0,1.906667,0,0,0,0.524476
14,21092029,2,bike,7.6,7.1,38,159.943,243,1.383333,9.629152,0.222005,0,0.59,0.793333,0,0,0,1.927711
14,21092029,2,bike,7.1,7.6,38,165.252,244,1.31,10.168252,0.222007,0,0.56,0.003333,0.746667,0,0,0
14,21092029,2,car,7.1,7.3,38,178.25,253.8,1.256667,17.206341,0.360377,0,0,1.256667,0,0,0,0
14,21092029,2,car,7.1,7.3,38,181.052,254.2,1.216667,17.772033,0.360377,0.06,0.296667,0.86,0,0,0,0
14,21092029,2,pedestrian,7.1,7.3,38,19.556,263.8,4.07,5.283146,0.358373,0,0,0,4.07,2.375102,0,0
14,21092029,2,pedestrian,7.3,7.5,38,41.472,268.2,3.776667,4.552303,0.286542,0,0,0,3.776667,0.617829,0,0
14,21092029,2,pedestrian,7.3,7.4,38,175.024,268.4,1.553333,4.773475,0.12358,0,0,0,1.553333,0,0,0
14,21092029,2,car,7.1,7.6,38,204.786,269.2,1.073333,21.04079,0.376396,0.006667,0.013333,1.053333,0,0,0,0
14,21092029,2,pedestrian,7.4,7.5,38,10.792,270.2,4.323333,4.742217,0.341703,0.136667,0.006667,0.01,4.17,0,0,0
14,21092029,2,car,7.3,7.6,38,163.209,272.6,1.82,19.638386,0.595698,0.033333,0.016667,1.77,0,0,0,0
14,21092029,2,bike,7.1,7.5,38,155.843,277.6,2.026667,12.654259,0.427433,0.063333,0.51,0.206667,1.246667,0,0,0.493421
14,21092029,2,car,7.1,7.3,38,196.647,286.8,1.5,14.41509,0.360377,0,1.5,0,0,0,0,0
14,21092029,2,car,7.1,7.3,38,198.626,287.2,1.473333,14.676,0.360377,0.286667,0.506667,0.68,0,0,0,0
14,21092029,2,bike,7.5,7.1,38,175.562,302.6,2.116667,12.116212,0.427433,0,0.543333,0.003333,1.57,0,0,2.047244
14,21092029,2,pedestrian,7.6,7.5,38,230.527,310.4,1.33,4.941031,0.109526,0,0,0,1.33,0,0,0
14,21092029,2,pedestrian,7.5,7.3,38,22.97,311.6,4.81,3.574331,0.286542,0,0,4.81,0,0,0.2772,0
14,21092029,2,pedestrian,7.5,7.3,38,37.429,314,4.606667,3.732098,0.286542,0.183333,0.003333,1.226667,3.193333,0.289436,0,0
14,21092029,2,pedestrian,7.6,7.3,38,168.447,315.8,2.453333,4.329196,0.177016,0.296667,0.003333,0,2.153333,0,0,0
14,21092029,2,car,7.1,7.3,38,242.246,316.8,1.24,17.437588,0.360377,0,0,1.24,0,0,0,0
14,21092029,2,car,7.1,7.3,38,256.556,318,1.023333,21.129616,0.360377,0,0,1.023333,0,0,0,0
14,21092029,2,pedestrian,7.5,7.6,38,234.655,322.4,1.46,4.501076,0.109526,0,0,0,1.46,0,0,0
14,21092029,2,pedestrian,7.5,7.6,38,236.662,323.8,1.45,4.532097,0.109526,0.1,0.006667,0.006667,1.336667,0,0,0
14,21092029,2,pedestrian,7.1,7.4,38,24.219,336.2,5.196667,4.431626,0.383828,0,0,0,5.196667,1.282874,0,0
14,21092029,2,pedestrian,7.1,7.4,38,38.06,338,4.996667,4.609118,0.383837,0.476667,0.026667,0.03,4.463333,1.267512,1.867912,0
14,21092029,2,car,7.3,7.1,38,284.024,342,0.963333,17.050203,0.27375,0,0,0.963333,0,0,0,0
14,21092029,2,pedestrian,7.5,7.6,38,267.74,343.8,1.266667,5.188082,0.109526,0.226667,0.01,0.003333,1.026667,0,0,0
14,21092029,2,pedestrian,7.3,7.4,38,228.911,352.4,2.056667,3.605191,0.123578,0,0,2.056667,0,0,0,0
14,21092029,2,car,7.3,7.1,38,298.433,355.2,0.943333,17.411691,0.27375,0,0,0.943333,0,0,0,0
14,21092029,2,bike,7.1,7.5,38,245.558,363.8,1.97,13.018186,0.42743,0,0.506667,0.003333,1.46,0,0,1.522843
14,21092029,2,car,7.1,7.6,38,290.15,366,1.263333,17.876344,0.376396,0,0,1.263333,0,0,0,0.791557
14,21092029,2,bike,7.1,7.6,38,282.133,366,1.396667,9.537286,0.222007,0.06,0.573333,0.763333,0,0,0,8.830549
14,21092029,2,bike,7.1,7.6,38,288.118,366.6,1.306667,10.194191,0.222007,0.173333,0.476667,0.14,0.516667,0,0,3.571429
14,21092029,2,bike,7.1,7.6,38,283.638,367.2,1.39,9.583029,0.222007,0.26,0.466667,0.183333,0.48,0,0,3.597122
14,21092029,2,car,7.3,7.6,38,263.404,369,1.756667,20.346411,0.595698,0,0,1.756667,0,0,0,1.328273
14,21092029,2,pedestrian,7.6,7.5,38,287.896,371.2,1.386667,4.739101,0.109526,0,0,0,1.386667,0,0,0
14,21092029,2,pedestrian,7.6,7.5,38,291.98,373,1.35,4.86783,0.109526,0.116667,0.006667,0.006667,1.22,0,0,0
14,21092029,2,bike,7.6,7.1,38,278.602,374.4,1.593333,8.36009,0.222007,0,0.68,0.913333,0,0,0,2.301255
14,21092029,2,car,7.1,7.3,38,306.164,375.4,1.153333,18.747954,0.360377,0,0,1.153333,0,0,0,0.867052
14,21092029,2,pedestrian,7.5,7.3,38,110.963,390.6,4.66,3.689383,0.286542,1.276667,0.006667,0.726667,2.65,0,0,0
14,21092029,2,car,7.3,7.1,38,340.004,394,0.896667,18.317876,0.27375,0,0,0.896667,0,0,0,0
14,21092029,2,pedestrian,7.5,7.6,38,313.946,396.8,1.38,4.762007,0.109526,0.04,0,0,1.34,0,0,0
14,21092029,2,car,7.1,7.6,38,319.528,401.4,1.363333,16.564945,0.376392,0,0,1.363333,0,0,0,1.222494
14,21092029,2,pedestrian,7.5,7.3,38,163.095,402,3.98,4.319731,0.286542,0.113333,0.003333,0,3.863333,1.005025,0,0
14,21092029,2,pedestrian,7.1,7.5,38,119.239,403,4.726667,5.060201,0.398631,0.08,0.006667,0,4.64,0,12.059238,0
14,21092029,2,car,7.1,7.6,38,322.524,408.4,1.43,15.792854,0.376396,0,0,1.43,0,0,0,2.331002
14,21092029,2,bike,7.1,7.6,38,334.548,410,1.256667,10.599786,0.222007,0,0.536667,0.003333,0.716667,0,0,1.32626
14,21092029,2,car,7.3,7.6,38,305.233,410.6,1.753333,20.385088,0.595698,0.013333,0.03,1.71,0,0,0,0
14,21092029,2,car,7.1,7.5,38,329.018,412,1.38,17.546682,0.403574,0,0,1.38,0,0,0,0.724638
14,21092029,2,pedestrian,7.4,7.5,38,203.787,421,3.62,5.663585,0.341703,0,0,0,3.62,0.92081,0.460405,0
14,21092029,2,car,7.1,7.3,38,344.486,431.8,1.453333,14.877964,0.360377,0,1.453333,0,0,0,0,0
14,21092029,2,car,7.1,7.3,38,349.554,432,1.373333,15.74464,0.360377,0.2,0.38,0.793333,0,0,0,0
14,21092029,2,pedestrian,7.5,7.4,38,104.364,435.2,5.513333,3.395482,0.312007,0,0,5.513333,0,0,0,0
14,21092029,2,pedestrian,7.5,7.4,38,136.882,436.8,4.996667,3.746582,0.312007,1.326667,0.006667,1.593333,2.07,0,0,0
14,21092029,2,pedestrian,7.5,7.1,38,59.486,440,6.34,5.000752,0.528413,0.1,0,0.006667,6.233333,0.368034,2.471083,0
14,21092029,2,pedestrian,7.5,7.6,38,336.776,440.8,1.733333,3.791291,0.109526,0,0,1.733333,0,0,0,0
14,21092029,2,pedestrian,7.5,7.1,38,88.91,441.6,5.876667,5.395008,0.528411,0.423333,0.026667,0.03,5.396667,0,2.836075,0
14,21092029,2,bike,7.1,7.5,38,302.32,443.4,2.35,10.913184,0.427433,0,0.606667,1.743333,0,0,0,2.12766
14,21092029,2,car,7.1,7.6,38,369.844,454.2,1.403333,16.092953,0.376396,0.03,0.096667,1.276667,0,0,0,0.712589
14,21092029,2,car,7.1,7.3,38,368.57,462.2,1.56,13.860667,0.360377,0,1.56,0,0,0,0,0
14,21092029,2,car,7.1,7.3,38,371.545,462.6,1.516667,14.256679,0.360377,0.27,0.516667,0.73,0,0,0,0
14,21092029,2,pedestrian,7.5,7.3,38,224.282,466.4,4.033333,4.262611,0.286542,0,0,0,4.033333,0.743802,0,0
14,21092029,2,pedestrian,7.5,7.3,38,259.986,476.4,3.606667,4.766875,0.286542,0.343333,0.003333,0.023333,3.236667,2.125693,0,0
14,21092029,2,pedestrian,7.4,7.5,38,228.078,480.4,4.203333,4.877601,0.341703,0,0,0,4.203333,1.744647,0,0
14,21092029,2,car,7.1,7.3,38,419.677,482.8,1.05,20.592991,0.360377,0,0,1.05,0,0,0,0.952381
14,21092029,2,pedestrian,7.3,7.4,38,411.483,487.6,1.266667,5.853788,0.12358,0,0,0,1.266667,0,0,0
14,21092029,2,pedestrian,7.5,7.6,38,418.445,491.4,1.213333,5.41613,0.109526,0.12,0.01,0.003333,1.08,0,0,0
14,21092029,2,pedestrian,7.6,7.3,38,353.779,493.2,2.323333,4.571432,0.177016,0.01,0,0,2.313333,2.295552,0,0
14,21092029,2,pedestrian,7.5,7.4,38,255.826,502.2,4.103333,4.562139,0.312,0.013333,0.006667,0,4.083333,1.624695,0,0
14,21092029,2,pedestrian,7.6,7.4,38,352.23,508.6,2.603333,4.666653,0.202481,0,0,0,2.603333,2.048656,0,0
14,21092029,2,bike,7.1,7.6,38,426.053,509,1.38,9.652471,0.222007,0,0.59,0.79,0,0,0,6.038647
14,21092029,2,car,7.1,7.3,38,431.153,510.6,1.323333,16.339527,0.360377,0,0,1.323333,0,0,0,0
14,21092029,2,bike,7.1,7.5,38,399.874,515.4,1.923333,13.334084,0.427431,0,0.496667,0,1.426667,0,0,7.105719
14,21092029,2,car,7.3,7.1,38,457.297,515.6,0.97,16.933019,0.27375,0,0,0.97,0,0,0,0
14,21092029,2,pedestrian,7.5,7.3,38,279.818,523.2,4.053333,4.241578,0.286542,0,0,0,4.053333,1.315789,0.411184,0
14,21092029,2,pedestrian,7.5,7.4,38,284.697,535,4.17,4.48931,0.312007,0.323333,0.013333,0.006667,3.826667,1.278977,0.39968,0
14,21092029,2,pedestrian,7.1,7.5,38,187.592,536,5.806667,4.119064,0.398634,0,0,0,5.806667,0.344432,2.640643,0
14,21092029,2,pedestrian,7.6,7.5,38,456.321,537.8,1.356667,4.84391,0.109526,0.123333,0.003333,0.006667,1.223333,0,0,0
14,21092029,2,pedestrian,7.5,7.3,38,328.494,537.8,3.486667,4.930936,0.286542,0.24,0.006667,0.003333,3.236667,1.051625,0,0
14,21092029,2,bike,7.1,7.6,38,466.119,542,1.263333,10.54386,0.222007,0.01,0.536667,0.003333,0.713333,0,0,5.540897
14,21092029,2,pedestrian,7.4,7.6,38,402.286,545.6,2.386667,5.836849,0.232177,0,0,0,2.386667,0,0,0
14,21092029,2,bike,7.1,7.6,38,485.237,552.4,1.116667,11.928725,0.222007,0,0.48,0,0.636667,0,0,3.283582
14,21092029,2,car,7.1,7.3,38,460.987,552.8,1.53,14.132415,0.360377,0,1.53,0,0,0,0,0
14,21092029,2,bike,7.1,7.6,38,486.5,553,1.106667,12.036515,0.222007,0.086667,0.416667,0.143333,0.46,0,0,4.216867
14,21092029,2,pedestrian,7.6,7.4,38,377.651,557.2,2.99,4.06313,0.202479,0,0,0,2.99,1.783724,1.003344,0
14,21092029,2,pedestrian,7.5,7.4,38,299.938,559,4.316667,4.336777,0.312007,0.3,0.006667,0.013333,3.996667,0.926641,0.694981,0
14,21092029,2,pedestrian,7.5,7.1,38,122.747,567.2,7.406667,4.28057,0.528413,0.336667,0.006667,0,7.063333,0,2.160216,0
14,21092029,2,pedestrian,7.5,7.4,38,300.369,568.4,4.466667,4.191139,0.312007,0.026667,0,0,4.44,0.671642,0,0
14,21092029,2,pedestrian,7.5,7.1,38,168.409,569,6.673333,4.750964,0.528413,0.59,0.023333,0.056667,6.003333,0.2997,2.247752,0
14,21092029,2,pedestrian,7.3,7.5,38,316.579,569.4,4.213333,4.080506,0.286542,0,0,0,4.213333,0,0,0
14,21092029,2,pedestrian,7.5,7.1,38,203.779,570.8,6.116667,5.183332,0.528412,0.293333,0.016667,0.016667,5.79,0,2.179837,0
14,21092029,2,pedestrian,7.5,7.3,38,339.339,570.8,3.856667,4.457873,0.286542,0.203333,0.006667,0.74,2.906667,0,0,0
14,21092029,2,pedestrian,7.6,7.5,38,474.931,571.2,1.603333,4.098693,0.109526,0.173333,0.003333,0.01,1.416667,0,0,0
14,21092029,2,car,7.1,7.3,38,509.253,571.4,1.033333,20.925136,0.360377,0,0,1.033333,0,0,0,2.258065
14,21092029,2,bike,7.5,7.1,38,466.533,571.4,1.746667,14.682574,0.427426,0,0.45,0,1.296667,0,0,4.961832
14,21092029,2,pedestrian,7.5,7.3,38,361.252,572.6,3.52,4.884242,0.286542,0.32,0.003333,0.01,3.186667,0,0,0
14,21092029,2,pedestrian,7.5,7.1,38,209.617,572.8,6.05,5.240457,0.528413,0.126667,0.013333,0.006667,5.903333,0,1.928375,0
14,21092029,2,pedestrian,7.5,7.6,38,494.862,574.8,1.33,4.941029,0.109526,0,0,0,1.33,0,0,0
14,21092029,2,car,7.1,7.3,38,516.494,579.4,1.046667,20.658574,0.360377,0,0,1.046667,0,0,0,0
14,21092029,2,car,7.1,7.3,38,521.498,581.8,1.003333,21.550804,0.360377,0,0,1.003333,0,0,0,0.664452
14,21092029,2,pedestrian,7.5,7.4,38,359.209,583.2,3.73,5.01888,0.312007,0.33,0.006667,0.01,3.383333,0,0,0
14,21092029,2,pedestrian,7.5,7.3,38,395.223,584.6,3.153333,5.452177,0.286542,0,0,0,3.153333,0,0,0
14,21092029,2,pedestrian,7.1,7.5,38,245.954,586.6,5.676667,4.213393,0.398634,0,0,0,5.676667,0,2.701116,0
14,21092029,2,pedestrian,7.1,7.5,38,258.879,588,5.483333,4.361946,0.398633,1.083333,0.043333,0.023333,4.333333,0,11.489362,0
14,21092029,2,pedestrian,7.3,7.5,38,430.743,594.8,2.733333,6.28995,0.286542,0,0,0,2.733333,0,0,0
14,21092029,2,pedestrian,7.5,7.4,38,386.887,598.8,3.53,5.303236,0.312007,0,0,0,3.53,0,0,0
14,21092029,2,pedestrian,7.3,7.1,38,301.411,616,5.24,5.561333,0.48569,0,0,0,5.24,0.954198,0.445293,0
14,21092029,2,pedestrian,7.1,7.5,38,355.367,621.8,4.44,5.386944,0.398634,0.006667,0,0,4.433333,0,1.201201,0
14,21092029,2,car,7.1,7.3,38,559.044,621.8,1.043333,20.724576,0.360377,0,0,1.043333,0,0,0,0.319489
14,21092029,2,pedestrian,7.5,7.6,38,522.656,623.6,1.68,3.911648,0.109526,0.18,0.003333,0.003333,1.493333,0,0,0
14,21092029,2,pedestrian,7.5,7.4,38,417.885,624,3.433333,5.45255,0.312007,0,0,0,3.433333,0,0.38835,0
14,21092029,2,pedestrian,7.5,7.4,38,422.883,625.8,3.38,5.538586,0.312007,0.036667,0.003333,0,3.34,0,0,0
14,21092029,2,pedestrian,7.6,7.5,38,556.598,629.4,1.213333,5.41613,0.109526,0,0,0,1.213333,0,0,0
14,21092029,2,pedestrian,7.5,7.1,38,214.905,642.6,7.126667,4.448746,0.528412,0,0,0,7.126667,0.187091,2.946679,0
14,21092029,2,bike,7.6,7.1,38,572.231,646.2,1.23,10.829602,0.222007,0,0.523333,0.003333,0.703333,0,0,2.168022
14,21092029,2,car,7.6,7.3,38,577.092,652.2,1.25,21.325238,0.444276,0,0,1.25,0,0,0.533333,0
14,21092029,2,pedestrian,7.5,7.6,38,566.766,655.4,1.476667,4.450274,0.109526,0,0,0,1.476667,0,0,0
14,21092029,2,pedestrian,7.5,7.6,38,568.006,656.4,1.47,4.470456,0.109526,0.2,0.003333,0.016667,1.25,0,0,0
14,21092029,2,bike,7.1,7.5,38,503.074,661.6,2.64,9.714375,0.427432,0,0.68,1.96,0,0.631313,0,3.156566
14,21092029,2,car,7.3,7.1,38,593.481,665.8,1.203333,13.649608,0.27375,0,1.203333,0,0,0,0,0
14,21092029,2,car,7.1,7.6,38,595.645,671.4,1.26,17.92361,0.376396,0,0,1.26,0,0,0,0
14,21092029,2,pedestrian,7.1,7.4,38,337.628,671.6,5.563333,4.139658,0.383838,0,0,0,5.563333,1.977232,0.718993,0
14,21092029,2,pedestrian,7.1,7.4,38,342.026,673.6,5.523333,4.169636,0.383838,0.453333,0.026667,0.05,4.993333,2.232951,0.54315,0
14,21092029,2,bike,7.6,7.1,38,598.596,688.6,1.5,8.880273,0.222007,0,0.64,0.86,0,0,0,1.555556
14,21092029,2,pedestrian,7.5,7.4,38,430.983,688.6,4.293333,4.360347,0.312007,0,0,0,4.293333,0,1.164596,0
14,21092029,2,car,7.1,7.3,38,633.026,695.4,1.036667,20.857853,0.360377,0,0,1.036667,0,0,0,0
14,21092029,2,pedestrian,7.5,7.6,38,598.892,696.4,1.623333,4.048196,0.109526,0,0,0,1.623333,0,0,0
14,21092029,2,pedestrian,7.5,7.1,38,246.391,697.4,7.516667,4.217929,0.528413,0,0,0,7.516667,0.842572,1.640798,0
14,21092029,2,bike,7.1,7.6,38,600.198,699.2,1.65,8.072929,0.222006,0,0.706667,0.943333,0,0,0,3.232323
14,21092029,2,pedestrian,7.6,7.5,38,606.573,702.2,1.593333,4.124417,0.109526,0,0,0,1.593333,0,0,0
14,21092029,2,pedestrian,7.1,7.3,38,397.034,712.4,5.253333,4.093098,0.358373,0,0,0,5.253333,0.761421,0,0
14,21092029,2,pedestrian,7.5,7.6,38,624.984,712.8,1.463333,4.490823,0.109526,0,0,0,1.463333,0,0,0
14,21092029,2,pedestrian,7.6,7.5,38,625.825,716.6,1.51,4.352034,0.109526,0,0,0,1.51,0,0,0
14,21092029,2,pedestrian,7.6,7.5,38,632.825,718.4,1.423333,4.617029,0.109526,0.05,0.003333,0.006667,1.363333,0,0,0
14,21092029,2,car,7.1,7.3,38,641.892,723,1.35,16.016771,0.360377,0,0,1.35,0,0,0,0
14,21092029,2,pedestrian,7.3,7.6,38,518.374,725.4,3.45,3.078539,0.177016,0,0,3.45,0,0,0,0
14,21092029,2,pedestrian,7.1,7.5,38,434.294,730,4.926667,4.85481,0.398634,0,0,0,4.926667,0,2.503383,0
14,21092029,2,pedestrian,7.1,7.5,38,437.432,732,4.906667,4.874599,0.398634,0.056667,0.006667,0.01,4.833333,0.679348,13.451087,0
14,21092029,2,pedestrian,7.6,7.1,38,383.5,736.2,5.876667,4.276766,0.418885,0,0,0,5.876667,0.964265,1.304594,0
14,21092029,2,bike,7.6,7.1,38,667.305,744.2,1.28,10.40657,0.222007,0,0.546667,0.003333,0.73,0,0,5.729167
14,21092029,2,car,7.1,7.3,38,661.721,746,1.403333,15.408054,0.360377,0,0,1.403333,0,0,0,0
14,21092029,2,car,7.1,7.3,38,663.52,746.4,1.38,15.66858,0.360377,0.143333,0.42,0.816667,0,0,0,0
14,21092029,2,pedestrian,7.6,7.3,38,596.898,750.6,2.56,4.148812,0.177016,0,0,0,2.56,0,0,0
14,21092029,2,car,7.3,7.5,38,630.442,752.2,2.026667,18.44038,0.622875,0,0,2.026667,0,0,0,0.657895
14,21092029,2,pedestrian,7.1,7.5,38,469.352,753.2,4.73,5.056666,0.398634,0,0,0,4.73,0.634249,1.409443,0
14,21092029,2,bike,7.1,7.6,38,698.344,756,0.96,13.875427,0.222007,0.003333,0.41,0.003333,0.543333,0,0,2.430556
14,21092029,2,pedestrian,7.3,7.4,38,622.683,756.2,2.223333,3.334951,0.123578,0,0,2.223333,0,0,0,0
14,21092029,2,pedestrian,7.3,7.6,38,610.753,756.4,2.426667,4.376769,0.177016,0.36,0.006667,0.01,2.05,0,0,0
14,21092029,2,car,7.1,7.3,38,680.769,757.2,1.273333,16.981131,0.360377,0,0,1.273333,0,0,0,0
14,21092029,2,pedestrian,7.3,7.4,38,656.611,758.2,1.69,4.387455,0.12358,0.066667,0.003333,0.186667,1.433333,0,0,0
14,21092029,2,car,7.1,7.3,38,688.216,767,1.31,16.505832,0.360377,0,0,1.31,0,0,0,0
14,21092029,2,car,7.1,7.3,38,707.428,767.2,0.993333,21.767661,0.360376,0.036667,0.043333,0.913333,0,0,0,0
14,21092029,2,pedestrian,7.1,7.4,38,485.612,769.8,4.733333,4.865531,0.383836,0,0,0,4.733333,0.56338,0,0
14,21092029,2,car,7.3,7.1,38,704.699,769.8,1.083333,15.161565,0.27375,0,0,1.083333,0,0,0,0
14,21092029,2,pedestrian,7.5,7.3,38,532.558,772.8,4.003333,4.294544,0.286542,0.26,0.006667,0.003333,3.733333,0,0,0
14,21092029,2,pedestrian,7.5,7.4,38,527.923,776.6,4.143333,4.518203,0.312007,0.326667,0.006667,0.01,3.8,0.643604,0,0
14,21092029,2,pedestrian,7.3,7.6,38,628.797,777.8,2.483333,4.276897,0.177016,0.08,0,0.353333,2.05,0,0,0
14,21092029,2,pedestrian,7.5,7.4,38,534.081,778.4,4.07,4.599613,0.312007,0.503333,0.016667,0.013333,3.536667,0.900901,0,0
14,21092029,2,bike,7.6,7.1,38,709.458,780.4,1.18,11.288483,0.222007,0,0.503333,0.003333,0.673333,0,0,0.564972
14,21092029,2,pedestrian,7.3,7.6,38,632.967,781,2.466667,4.305764,0.177015,0.136667,0,0.003333,2.326667,0,0,0
14,21092029,2,car,7.5,7.3,38,662.992,783.4,2.006667,17.039303,0.56987,0,0,2.006667,0,0,0,0
14,21092029,2,pedestrian,7.5,7.4,38,576.938,787.4,3.506667,5.338524,0.312007,0.18,0,0.006667,3.32,0,0,0
14,21092029,2,pedestrian,7.3,7.5,38,579.687,793.8,3.566667,4.820336,0.286542,0.4,0.016667,0.51,2.64,0,0,0
14,21092029,2,pedestrian,7.6,7.3,38,687.189,804.8,1.96,5.418857,0.177016,0,0,0,1.96,0,0,0
14,21092029,2,pedestrian,7.4,7.3,38,761.467,812.6,0.85,5.18638,0.073474,0,0,0,0.85,0,0,0
14,21092029,2,pedestrian,7.6,7.4,38,676.474,814.4,2.296667,5.28973,0.202479,0,0,0,2.296667,1.161103,0,0
14,21092029,2,pedestrian,7.1,7.5,38,496.685,827.2,5.506667,4.343466,0.398634,0,0,0,5.506667,0.121065,2.179177,0
14,21092029,2,pedestrian,7.5,7.1,38,440.98,828,6.45,4.915468,0.528413,0.056667,0,0.01,6.383333,0,1.550388,0
14,21092029,2,pedestrian,7.1,7.5,38,500.701,829.2,5.473333,4.36991,0.398633,0.573333,0.023333,0.04,4.836667,0.121803,1.948843,0
14,21092029,2,bike,7.1,7.6,38,754.926,833.4,1.306667,10.194191,0.222007,0,0.56,0.003333,0.743333,0,0,1.530612
14,21092029,2,pedestrian,7.5,7.3,38,631.917,834.8,3.38,5.086547,0.286542,0.06,0.003333,0,3.316667,0,0,0
14,21092029,2,pedestrian,7.3,7.5,38,607.979,845.8,3.963333,4.337897,0.286542,0,0,0,3.963333,0,0,0
14,21092029,2,car,7.5,7.1,38,783.252,857.8,1.24,20.325796,0.420066,0,0,1.24,0,0,0,0
14,21092029,2,car,7.1,7.6,38,793.337,864,1.176667,19.193015,0.376396,0,0,1.176667,0,0,0,0
14,21092029,2,pedestrian,7.4,7.6,38,599.008,866.2,4.45,3.130475,0.232177,0.396667,0.016667,4.036667,0,0,0,0
14,21092029,2,pedestrian,7.5,7.4,38,670.85,866.4,3.256667,5.748337,0.312007,0.06,0.01,0,3.186667,0,0,0
14,21092029,2,pedestrian,7.5,7.4,38,674.072,868,3.23,5.795797,0.312007,0.106667,0.01,0.003333,3.11,0,0,0
14,21092029,2,pedestrian,7.3,7.6,38,752.01,871.4,1.986667,5.346121,0.177016,0.23,0.003333,0.353333,1.4,0,0,0
14,21092029,2,pedestrian,7.6,7.5,38,783.705,875.6,1.53,4.295144,0.109526,0,0,0,1.53,0,0,0
14,21092029,2,pedestrian,7.6,7.5,38,806.925,877.4,1.173333,5.600771,0.109526,0.006667,0,0,1.166667,0,0,0
14,21092029,2,car,7.6,7.3,38,789.768,878.6,1.48,18.011186,0.444276,0,0,1.48,0,0,0,0
14,21092029,2,bike,7.1,7.6,38,790.85,881,1.5,8.880273,0.222007,0,0.643333,0.856667,0,0,0,5.111111
14,21092029,2,pedestrian,7.5,7.6,38,791.773,890,1.636667,4.015216,0.109526,0,0,0,1.636667,0,0,0
14,21092029,2,pedestrian,7.5,7.6,38,807.438,892.4,1.413333,4.649696,0.109526,0.196667,0,0.003333,1.213333,0,0,0
14,21092029,2,car,7.1,7.3,38,840.939,910.4,1.156667,18.693925,0.360377,0,0,1.156667,0,0,0,0
14,21092029,2,car,7.3,7.1,38,854.364,912,0.96,17.109405,0.27375,0,0,0.96,0,0,0,0
14,21092029,2,pedestrian,7.4,7.3,38,876.04,923.2,0.783333,5.627774,0.073474,0,0,0,0.783333,0,0,0
14,21092029,2,pedestrian,7.5,7.3,38,706.991,930.6,3.726667,4.61338,0.286542,0.83,0.006667,0.006667,2.883333,0.357782,0,0
14,21092029,2,car,7.1,7.6,38,869.719,932.8,1.05,21.508363,0.376396,0,0,1.05,0,0,0,0.634921
14,21092029,2,bike,7.1,7.6,38,869.802,939.8,1.163333,11.450209,0.222007,0,0.5,0,0.663333,0,0,7.449857
14,21092029,2,pedestrian,7.5,7.6,38,848.632,951.4,1.71,3.843024,0.109526,0,0,1.71,0,0,0,0
14,21092029,2,pedestrian,7.5,7.3,38,724.369,952.2,3.796667,4.528322,0.286542,0.636667,0.01,0.006667,3.143333,0.263389,0,0
14,21092029,2,bike,7.1,7.6,38,879.069,952.4,1.22,10.918369,0.222007,0,0.523333,0,0.696667,0,0,4.918033
14,21092029,2,bike,7.1,7.6,38,889.321,956.6,1.12,11.893223,0.222007,0,0.48,0.003333,0.636667,0,0,5.059524
14,21092029,2,pedestrian,7.5,7.4,38,689.964,957,4.45,4.206775,0.312002,0.38,0.01,1.013333,3.046667,0,0,0
14,21092029,2,pedestrian,7.4,7.1,38,551.621,960.6,6.813333,4.762872,0.540851,0,0,0,6.813333,0.293542,0,0
14,21092029,2,car,7.1,7.3,38,846.899,967,2,10.811305,0.360377,0,2,0,0,0,0,0
14,21092029,2,car,7.1,7.3,38,896.231,967.2,1.18,18.324272,0.360377,0.006667,0.023333,1.15,0,0,0,0
14,21092029,2,pedestrian,7.5,7.4,38,704.235,980.6,4.603333,4.06671,0.312007,0.36,0.003333,0.003333,4.236667,0.506879,0,0
14,21092029,2,pedestrian,7.1,7.5,38,506.906,985.2,7.97,3.001,0.398633,0,0,7.97,0,0.501882,1.589293,0
14,21092029,2,pedestrian,7.4,7.5,38,586.697,988.4,6.693333,3.063072,0.341703,0.05,0.003333,6.64,0,0.199203,0,0
14,21092029,2,pedestrian,7.1,7.5,38,545.728,990.2,7.406667,3.229257,0.398634,1.826667,0.033333,2.376667,3.17,0.135014,1.350135,0
14,21092029,2,pedestrian,7.4,7.5,38,643.47,991.8,5.803333,3.532817,0.341702,1.91,0.013333,1.006667,2.873333,0,0,0
14,21092029,2,pedestrian,7.1,7.5,38,663.95,994,5.5,4.348725,0.398633,0.796667,0.01,0.013333,4.68,0.30303,2.727273,0
14,21092029,2,pedestrian,7.1,7.5,38,577.606,996,6.97,3.431568,0.398634,2.136667,0.02,0.243333,4.57,0.143472,8.799617,0
14,21092029,2,pedestrian,7.3,7.6,38,818.401,997.2,2.976667,3.568072,0.177016,0.073333,0.016667,2.886667,0,0,0,0
14,21092029,2,pedestrian,7.4,7.5,38,696.28,997.8,5.023333,4.08139,0.341703,0.99,0.006667,0.203333,3.823333,0.066357,0,0
14,21092029,2,pedestrian,7.4,7.6,38,811.12,999,3.13,4.450675,0.232177,0.126667,0.003333,0.253333,2.746667,0,0,0
14,21092029,2,pedestrian,7.6,7.5,38,888.139,1004,1.93,3.404959,0.109526,0.003333,0,1.926667,0,0,0,0
14,21092029,2,pedestrian,7.3,7.5,38,760.319,1006,4.093333,4.200127,0.286542,0.216667,0.01,0.62,3.246667,0,0,0
14,21092029,2,pedestrian,7.1,7.3,38,687.419,1013.6,5.433333,3.957498,0.358373,0,0,5.433333,0,0.613497,0,0
14,21092029,2,pedestrian,7.1,7.3,38,689.036,1015.6,5.44,3.952648,0.358373,0.676667,0.03,2.053333,2.68,0.490196,0,0
14,21092029,2,pedestrian,7.1,7.3,38,696.317,1018,5.36,4.011643,0.358373,0.56,0.013333,0.033333,4.753333,0.435323,0,0
14,21092029,2,pedestrian,7.1,7.4,38,693.071,1025.6,5.54,4.15705,0.383834,0.943333,0.016667,0.026667,4.553333,0.481348,0,0
14,21092029,2,pedestrian,7.5,7.3,38,793.738,1029.2,3.923333,4.382098,0.28654,0.206667,0.006667,0.206667,3.503333,0,0,0
14,21092029,2,pedestrian,7.3,7.5,38,801.277,1036.2,3.913333,4.393321,0.286542,0,0,0,3.913333,0,0,0
14,21092029,2,pedestrian,7.5,7.1,38,508.43,1037.6,8.816667,3.596002,0.528412,0,0,8.816667,0,0,1.663516,0
14,21092029,2,pedestrian,7.5,7.1,38,508.916,1039.6,8.843333,3.58516,0.528413,1.6,0.043333,3.34,3.86,0,1.997738,0
14,21092029,2,pedestrian,7.6,7.1,38,624.944,1041.4,6.94,3.62149,0.418886,1.806667,0.02,0.06,5.053333,0,1.585014,0
14,21092029,2,pedestrian,7.5,7.1,38,513.342,1044.8,8.856667,3.579763,0.528413,1.246667,0.046667,0.08,7.483333,0,1.430184,0
14,21092029,2,pedestrian,7.5,7.3,38,878.403,1060.2,3.026667,5.680351,0.286542,0.066667,0.006667,0.116667,2.836667,0,0,0
14,21092029,2,pedestrian,7.5,7.4,38,750.077,1066.8,5.276667,3.547774,0.312007,0,0,5.276667,0,0.252685,0,0
14,21092029,2,pedestrian,7.5,7.1,38,645.256,1067.4,7.033333,4.507786,0.528413,0,0,0,7.033333,0,1.800948,0
14,21092029,2,pedestrian,7.5,7.4,38,816.052,1068.4,4.203333,4.453709,0.312007,0.62,0.003333,0.56,3.02,0,0,0
14,21092029,2,pedestrian,7.6,7.1,38,735.558,1069.4,5.563333,4.517643,0.418886,0.466667,0.053333,0.033333,5.01,0,2.15698,0
14,21092029,2,pedestrian,7.5,7.4,38,812.915,1070.2,4.286667,4.367128,0.312007,0.9,0.01,0.003333,3.373333,0,0,0
14,21092029,2,pedestrian,7.5,7.1,38,653.443,1071.6,6.966667,4.550923,0.528413,0.173333,0.026667,0.026667,6.74,0,1.5311,0
14,21092029,2,pedestrian,7.5,7.4,38,826.055,1073,4.113333,4.551139,0.312006,0.05,0,0.003333,4.06,0.567261,0,0
14,21092029,2,pedestrian,7.3,7.5,38,812.987,1107,4.9,3.50868,0.286542,0,0,4.9,0,0,0,0
14,21092029,2,pedestrian,7.5,7.4,38,881.373,1117,3.926667,4.76751,0.312007,0,0,0,3.926667,0,0,0
14,21092029,2,pedestrian,7.3,7.5,38,857.571,1131.4,4.563333,3.767538,0.286542,0,0,4.563333,0,0,0,0
14,21092029,2,pedestrian,7.1,7.5,38,867.63,1137.8,4.5,5.315114,0.398634,0,0,0,4.5,0,0,0
14,21092029,2,pedestrian,7.1,7.4,38,837.072,1150.6,5.223333,4.409119,0.383838,0,0,0,5.223333,0,1.212508,0
14,21092029,2,pedestrian,7.1,7.4,38,899.87,1172.8,4.546667,5.065315,0.383838,0,0,0,4.546667,0,0,0
14,21092029,2,pedestrian,7.3,7.1,38,748.673,1203.6,7.58,3.844509,0.48569,0,0,7.58,0,0.307828,0,0
14,21092029,2,pedestrian,7.5,7.1,38,687.302,1236.4,9.15,3.465002,0.528413,0,0,9.15,0,0,0.473588,0
14,21092029,2,pedestrian,7.5,7.1,38,745.35,1238.4,8.216667,3.858591,0.528413,1.38,0.053333,1.46,5.323333,0,0.527383,0
14,21092029,2,pedestrian,7.6,7.1,38,872.775,1239.8,6.116667,4.108964,0.418886,1.666667,0.036667,0.03,4.383333,0.163488,0.381471,0
14,21092029,2,pedestrian,7.5,7.1,38,741.015,1242.6,8.356667,3.793906,0.528407,1.453333,0.04,0.053333,6.81,0,0.558436,0
14,21092029,2,pedestrian,7.5,7.1,38,712.619,1244.4,8.86,3.578416,0.528413,2.423333,0.053333,1.16,5.223333,0,0.3386,0
14,21092029,2,pedestrian,7.5,7.1,38,763.331,1246.8,8.056667,3.935218,0.528412,1.28,0.026667,0.653333,6.096667,0.124121,0.330989,0
14,21092029,2,pedestrian,7.6,7.1,38,816.349,1248.6,7.203333,3.489105,0.418886,2.443333,0.03,0.04,4.69,0,0.416474,0
14,21092029,2,pedestrian,7.5,7.1,38,837.328,1262.2,7.08,4.478074,0.528413,0,0,0,7.08,0,0,0
